商品,销售额占比
脉动,0.056
怡宝纯净水,0.0425
阿萨姆奶茶,0.0319
东鹏特饮,0.0314
营养快线,0.0307
王老吉（罐）,0.0246
红牛,0.0239
统一冰红茶,0.0218
果粒橙,0.0185
王老吉（500ml）,0.018
250ml维他柠檬茶,0.0173
260g马来西亚进口茱蒂丝口口香饼干,0.017
250ml红牛,0.0147
188g澳门永辉鸡仔饼,0.0144
芬达330ml,0.0143
30g无穷农场盐_鸡蛋,0.0142
芙蓉王,0.0137
250ml维他原味豆奶,0.0132
统一绿茶,0.0131
雪碧最新款,0.0129
86g合味道海鲜风味,0.0119
伊利优酸乳,0.0116
口味王槟榔（绿）,0.0115
250ml燕塘原味酸奶,0.0111
可口可乐330ml,0.011
卫龙大面筋,0.0108
银鹭八宝粥,0.0108
13g无穷烤鸡小腿蜂蜜味,0.0108
250ml燕塘甜牛奶,0.0107
口味王槟榔（红）,0.0105
250ml燕塘红枣牛奶,0.0101
268ml雀巢咖啡丝滑拿铁,0.01
85g统一老坛酸菜牛肉面,0.0097
100g*5瓶益力多,0.0095
怡宝,0.0089
430g泰奇八宝粥,0.0085
180g统一满汉全席台式半筋半肉牛肉面,0.0084
330ml伊利畅意乳酸菌原味,0.0082
500ml统一阿萨姆奶茶,0.0072
37.5g费列罗榛果威化巧克力3颗,0.0068
145ml旺仔牛奶盒装,0.0066
伊利纯牛奶,0.0065
可口可乐最新款,0.0061
205g伊利安慕希原味,0.0061
85g新麦潮北海道吐司,0.0058
维他柠檬茶,0.0058
20g咪咪虾条马来西亚风味,0.0057
40g双汇玉米热狗肠,0.0055
32g卫龙亲嘴烧,0.0054
85g新麦潮手撕面包（提子味）,0.0052
熊字饼,0.0051
鸭翅,0.005
阿萨姆煎茶奶绿,0.0049
合味道（海鲜风味）,0.0048
雪碧（500ml）,0.0047
450ml美汁源果粒橙,0.0047
225g味之不规则饼干芝士味,0.0045
52g旺旺仙贝,0.0045
12g劲仔小鱼麻辣味,0.0043
500ml加多宝,0.0043
160g盼盼手撕面包,0.0043
55g奥利奥原味芝士饼干,0.0042
78g卫龙亲嘴语辣条,0.0041
雀巢咖啡,0.0041
91g徐福记凤梨酥,0.0039
维他奶,0.0038
480ml小茗同学冷泡青柠红茶,0.0038
85g嘉士利果乐果香夹心饼干蓝莓味,0.0037
雪碧330ml,0.0037
600ml雪碧,0.0036
600ml可口可乐,0.0035
80g四洲粟一烧烧烤味,0.0035
70g乖媳妇野山泡椒凤爪,0.0035
600ml脉动青柠,0.0034
茉莉蜜茶,0.0034
统一来一桶香辣老坛酸菜牛肉面,0.0034
可口可乐（500ml）,0.0032
68g好丽友巧克力派2枚,0.0032
150g健能酸奶原味,0.0032
维他原味豆奶,0.0032
58g丽芝士纳宝帝奶酪威化饼干,0.0031
250ml维他奶巧克力味,0.0031
2g韩国海牌海苔,0.003
冰糖雪梨,0.0029
500ml农夫果园 (芒果+菠萝+番石榴),0.0026
65g卫龙亲嘴豆皮,0.0026
乐事薯片（黄瓜味）,0.0025
咪咪虾条马来西亚风味,0.0025
小鱼仔,0.0024
48g好丽友薯愿香烤原味,0.0024
味之不规则饼干（芝士味）,0.0024
脉动（青柠）,0.0024
110g顺宝九制话梅,0.0024
148g富甲一方紫薯仔,0.0024
香豆干,0.0024
乐虎,0.0023
湘潭铺子(羽泉版),0.0023
55g奥利奥原味夹心饼干,0.0023
诗竹竹纤维面巾纸,0.0023
40g乐事美国经典原味,0.0023
75g新麦潮天然酵母面包（北海道牛奶风味）,0.0022
150g洽洽原香瓜子,0.0021
燕塘原味酸奶,0.0021
370g泰奇八宝粥,0.0021
印尼芝士威化饼干,0.002
32g卫龙亲嘴烧红烧牛肉味,0.002
泰奇八宝粥,0.002
40g乐事薯片黄瓜味,0.002
可乐可乐,0.002
250ml统一麦香奶茶,0.0019
美汁源果粒橙,0.0019
180ml雀巢咖啡罐装,0.0019
无穷农场盐_鸡蛋,0.0019
123gUFO炒面XO酱海鲜风味,0.0018
日式鱼果,0.0018
椰树牌椰汁,0.0018
香脆肠,0.0018
70g乐事薯片黄瓜味,0.0018
双汇玉米热狗肠,0.0018
50g上好佳日式鱼果,0.0018
燕塘甜牛奶,0.0018
40g呀土豆薯片滋香烤鸡味,0.0017
250ML东鹏特饮,0.0017
86g合味道浓猪骨味,0.0017
好吃点,0.0016
燕塘红枣牛奶,0.0016
劲仔小鱼（麻辣味）,0.0016
80g香飘飘椰果奶茶原味,0.0015
500ml康师傅冰糖雪梨,0.0015
丽芝士纳宝帝奶酪威化饼干,0.0015
50g上好佳田园薯片番茄味,0.0015
尖叫,0.0015
100g果王咸柑桔罐装,0.0015
30g元朗小蛋卷,0.0015
45g双汇泡面拍挡,0.0014
70g乐事薯片原味,0.0014
旺仔牛奶145ml,0.0014
40g上好佳日式鱼果,0.0014
250ml维他奶低糖原味,0.0014
40g乐事薯片墨西哥鸡汁番茄味,0.0014
韩国海牌海苔,0.0014
20g马来西亚风味咪咪蟹味粒0219,0.0013
103g康师傅红烧牛肉面,0.0013
奥利奥原味芝士,0.0013
130g果王玉带蚕豆,0.0013
和成天下（黄）,0.0013
维他奶（巧克力味）,0.0013
250ml王老吉盒装,0.0013
250ml维他椰子植物蛋白饮料,0.0013
34g公仔迷你杯牛肉味,0.0013
150抽诗竹竹纤维面巾纸,0.0012
80g香飘飘椰果奶茶麦香味,0.0012
50g马赛克手撕鱿鱼条,0.0012
统一阿萨姆奶茶,0.0011
70g乐事薯片（黄瓜味）,0.0011
旺仔牛奶,0.001
68g好丽友蛋黄派2枚,0.001
越南LIPO奶味面包干100g,0.001
小茗同学,0.001
40g呀土豆番茄酱味,0.0009
无穷烤鸡小腿（蜂蜜）,0.0009
145g果王迷你山楂包装,0.0009
益力多100g*5瓶,0.0008
83g汤达人酸辣豚骨拉面,0.0008
40g卫龙点心面黑椒牛排味,0.0008
农夫果园,0.0008
凤爪,0.0008
加多宝,0.0008
百事可乐500ml,0.0008
卫龙亲嘴烧红烧牛肉味,0.0007
117gUFO炒面铁板色拉鱿鱼风味,0.0007
50g双层百力滋奶咖味,0.0007
上好佳田园薯片,0.0007
145ml旺仔牛奶罐装,0.0007
205ml安慕希蓝莓味,0.0007
480ml小茗同学冷泡溜溜哒茶,0.0007
多力多滋（热辣味）,0.0006
乐事薯片（青柠）,0.0006
顺宝九制梅,0.0006
维他柠檬茶330ml（罐）,0.0006
四洲粟一烧烧烤味,0.0006
好吃点小饼干,0.0006
80g马赛克香蕉片,0.0006
68g多力多玉米片爆香热辣味,0.0006
107g出前一丁桶面酱香牛肉王,0.0006
10g卫龙亲嘴烧香辣味,0.0006
劲仔小鱼（卤香味）,0.0005
新麦潮天然酵母面包（牛奶风味）,0.0005
13g雀巢咖啡1+2特浓,0.0005
口味王槟榔（绿色）,0.0005
雪碧,0.0005
250ml维他椰子味豆奶7716,0.0005
小茗同学冷泡茶（乳酸菌味）,0.0005
500ml营养快线原味,0.0005
康师傅矿泉水,0.0005
50g双层百力滋特浓番茄味,0.0004
冰红茶（罐）,0.0004
卫龙亲嘴烧麦辣鸡汁味,0.0004
乐虎（380ml）,0.0004
55g奥利奥迷你杯夹心小饼干杯装原味,0.0004
小茗同学（青柠红茶）,0.0004
12g劲仔小鱼卤香味,0.0004
500ML宝矿力,0.0004
78g合味道杯面香菇炖鸡风味,0.0004
珠江纯生啤酒,0.0004
手撕素肉排,0.0004
盼盼手撕面包,0.0004
220g宝丰龙龟苓膏,0.0003
32g卫龙亲嘴烧川香味,0.0003
美年达（罐）,0.0003
安慕希酸奶,0.0003
70g乐事薯片（原味）,0.0003
34g公仔迷你杯风味排骨味,0.0003
250ml香满楼纯牛奶,0.0003
5片装益达绿箭口香糖,0.0003
脉动（椰子菠萝口味）,0.0002
和成天下（红）,0.0002
20g洽洽每日坚果,0.0002
100g卫龙点心面黑椒牛排味,0.0002
鸡爪,0.0002
味之不规则饼干（番茄味）,0.0002
500ml统一冰糖雪梨,0.0002
拿铁咖啡（统一）,0.0002
330ml伊利畅意乳酸菌草莓味,0.0002
40g上好佳田园薯片番茄味,0.0002
优益C活菌型乳酸菌饮品,0.0002
健能酸奶,0.0002
汤达人方便面,0.0002
40g盼盼手撕面包,0.0002
怡宝矿泉水,0.0002
利群（硬）,0.0002
迷你纸巾,0.0002
新麦潮手撕面包（提子味）,0.0002
天地一号,0.0002
维他奶黑豆奶饮品,0.0001
100g越南LIPO奶味面包干,0.0001
12g劲仔小鱼（香辣味）,0.0001
多芙利香草奶油味蛋糕,0.0001
商品36,0.0001
娃哈哈红枣酸奶,0.0001
70g乐事薯片青柠味,0.0001
250ml维他奶黑豆奶饮品,0.0001
80g盼盼手撕面包,0.0001
新麦潮天然酵母面包（良品铺子）,0.0001
500ml恒大冰泉矿泉水,0.0001
乖媳妇野山椒风爪,0.0001
40g上好佳田园薯片,0.0001
新麦潮北海道吐司,0.0001
250ml维他椰子植物蛋白饮料9374,0.0001
雪力矿泉水,0.0001
78g卫龙亲语,0.0001
芦荟汁,0.0001
可口可乐330ml（罐）,0.0001
合味道（浓猪骨）,0.0001
百事可乐330ml,0.0001
20g咩咩世界虾味条,0.0001
75g达利园柠檬蛋糕,0.0001
小糖衣血糖仪,0.0
商品2,0.0
劲仔小鱼（香辣味）,0.0
10g越南LIPO奶味面包干,0.0
10g越南LIPO奶味面包干0015,0.0
商品21,0.0
咪咪,0.0
商品14,0.0
劲仔小鱼,0.0
