商品,销售额占比
阿萨姆奶茶,0.044
东鹏特饮,0.0434
营养快线,0.0387
脉动,0.0347
红牛,0.0326
统一冰红茶,0.028
怡宝纯净水,0.0234
250ml红牛,0.0216
30g无穷农场盐_鸡蛋,0.0189
王老吉（罐）,0.0188
卫龙大面筋,0.0187
统一绿茶,0.0172
雪碧最新款,0.016
可口可乐（500ml）,0.0159
口味王槟榔（绿）,0.0153
果粒橙,0.0153
430g泰奇八宝粥,0.0147
85g统一老坛酸菜牛肉面,0.0141
250ml维他柠檬茶,0.0137
13g无穷烤鸡小腿蜂蜜味,0.0136
可口可乐最新款,0.013
雪碧（500ml）,0.0119
250ml燕塘甜牛奶,0.0114
86g合味道海鲜风味,0.011
熊字饼,0.0106
250ml燕塘原味酸奶,0.0106
王老吉（500ml）,0.0105
268ml雀巢咖啡丝滑拿铁,0.0102
100g*5瓶益力多,0.0101
银鹭八宝粥,0.01
250ml维他原味豆奶,0.0096
40g双汇玉米热狗肠,0.0095
250ml燕塘红枣牛奶,0.009
55g奥利奥原味芝士饼干,0.009
145ml旺仔牛奶盒装,0.0088
330ml伊利畅意乳酸菌原味,0.0086
鸭翅,0.0085
20g咪咪虾条马来西亚风味,0.0079
伊利优酸乳,0.0076
600ml可口可乐,0.0073
伊利纯牛奶,0.0073
美年达（罐）,0.0073
500ml统一阿萨姆奶茶,0.0072
480ml小茗同学冷泡青柠红茶,0.007
口味王槟榔（红）,0.0069
180g统一满汉全席台式半筋半肉牛肉面,0.0066
600ml脉动青柠,0.0064
85g新麦潮北海道吐司,0.0064
维他柠檬茶,0.006
香豆干,0.006
85g嘉士利果乐果香夹心饼干蓝莓味,0.006
260g马来西亚进口茱蒂丝口口香饼干,0.006
芙蓉王,0.006
78g卫龙亲嘴语辣条,0.0057
205g伊利安慕希原味,0.0054
32g卫龙亲嘴烧,0.0052
2g韩国海牌海苔,0.0051
148g富甲一方紫薯仔,0.0051
85g新麦潮手撕面包（提子味）,0.0051
维他奶,0.005
雀巢咖啡,0.005
52g旺旺仙贝,0.0049
180ml雀巢咖啡罐装,0.0047
70g乖媳妇野山泡椒凤爪,0.0047
58g丽芝士纳宝帝奶酪威化饼干,0.0046
可口可乐330ml,0.0046
160g盼盼手撕面包,0.0044
12g劲仔小鱼麻辣味,0.0042
91g徐福记凤梨酥,0.0041
150g健能酸奶原味,0.0039
80g四洲粟一烧烧烤味,0.0038
40g乐事美国经典原味,0.0037
250ML东鹏特饮,0.0037
32g卫龙亲嘴烧红烧牛肉味,0.0037
湘潭铺子(羽泉版),0.0036
250ml维他奶巧克力味,0.0035
小鱼仔,0.0035
40g乐事薯片黄瓜味,0.0035
450ml美汁源果粒橙,0.0033
500ml加多宝,0.0033
37.5g费列罗榛果威化巧克力3颗,0.0031
68g好丽友巧克力派2枚,0.0031
65g卫龙亲嘴豆皮,0.0031
370g泰奇八宝粥,0.0031
45g双汇泡面拍挡,0.003
70g乐事薯片黄瓜味,0.003
80g香飘飘椰果奶茶麦香味,0.003
茉莉蜜茶,0.0028
百事可乐330ml,0.0028
10g卫龙亲嘴烧香辣味,0.0027
600ml雪碧,0.0026
103g康师傅红烧牛肉面,0.0025
225g味之不规则饼干芝士味,0.0024
150g洽洽原香瓜子,0.0023
40g呀土豆番茄酱味,0.0022
维他原味豆奶,0.0022
可乐可乐,0.002
78g卫龙亲语,0.002
40g呀土豆薯片滋香烤鸡味,0.002
86g合味道浓猪骨味,0.002
55g奥利奥原味夹心饼干,0.002
220g宝丰龙龟苓膏,0.0019
合味道（海鲜风味）,0.0019
500ml农夫果园 (芒果+菠萝+番石榴),0.0018
乐虎（380ml）,0.0018
香脆肠,0.0018
100g果王咸柑桔罐装,0.0018
70g乐事薯片原味,0.0018
益力多100g*5瓶,0.0018
20g马来西亚风味咪咪蟹味粒0219,0.0018
70g乐事薯片（黄瓜味）,0.0017
冰糖雪梨,0.0017
阿萨姆煎茶奶绿,0.0017
480ml小茗同学冷泡溜溜哒茶,0.0016
80g香飘飘椰果奶茶原味,0.0016
雪碧330ml,0.0016
110g顺宝九制话梅,0.0016
75g新麦潮天然酵母面包（北海道牛奶风味）,0.0015
美汁源果粒橙,0.0015
加多宝,0.0015
50g上好佳田园薯片番茄味,0.0014
50g马赛克手撕鱿鱼条,0.0014
奥利奥原味芝士,0.0014
145g果王迷你山楂包装,0.0014
12g劲仔小鱼卤香味,0.0014
80g马赛克香蕉片,0.0014
印尼芝士威化饼干,0.0014
健能酸奶,0.0013
泰奇八宝粥,0.0013
统一来一桶香辣老坛酸菜牛肉面,0.0013
乖媳妇野山椒风爪,0.0013
双汇玉米热狗肠,0.0012
48g好丽友薯愿香烤原味,0.001
250ml王老吉盒装,0.001
68g好丽友蛋黄派2枚,0.0009
咪咪虾条马来西亚风味,0.0009
红利群（硬）,0.0009
椰树牌椰汁,0.0009
无穷农场盐_鸡蛋,0.0009
凤爪,0.0009
50g上好佳日式鱼果,0.0008
250ml维他奶低糖原味,0.0008
30g元朗小蛋卷,0.0008
55g奥利奥迷你杯夹心小饼干杯装原味,0.0008
40g上好佳日式鱼果,0.0008
燕塘原味酸奶,0.0008
怡宝,0.0008
83g汤达人酸辣豚骨拉面,0.0008
劲仔小鱼（麻辣味）,0.0008
芬达330ml,0.0008
咪咪,0.0008
500ml营养快线原味,0.0007
燕塘红枣牛奶,0.0007
78g合味道杯面香菇炖鸡风味,0.0007
好吃点,0.0007
统一阿萨姆奶茶,0.0007
尖叫,0.0007
贡美苹果数据线,0.0006
123gUFO炒面XO酱海鲜风味,0.0006
乐事薯片（黄瓜味）,0.0006
117gUFO炒面铁板色拉鱿鱼风味,0.0006
丽芝士纳宝帝奶酪威化饼干,0.0006
和成天下（黄）,0.0006
百事可乐500ml,0.0005
康师傅矿泉水,0.0005
100g卫龙点心面黑椒牛排味,0.0005
上好佳田园薯片,0.0005
安慕希酸奶,0.0005
107g出前一丁桶面酱香牛肉王,0.0005
四洲粟一烧烧烤味,0.0005
雪碧,0.0004
雪力矿泉水,0.0004
诗竹竹纤维面巾纸,0.0004
150抽诗竹竹纤维面巾纸,0.0004
70g乐事薯片（原味）,0.0004
新麦潮北海道吐司,0.0004
劲仔小鱼（卤香味）,0.0004
味之不规则饼干（韩国泡菜味）,0.0003
威化饼干,0.0003
农夫果园,0.0003
250ml维他奶黑豆奶饮品,0.0003
205ml安慕希蓝莓味,0.0003
燕塘甜牛奶,0.0003
脉动（椰子菠萝口味）,0.0003
无穷烤鸡小腿（蜂蜜）,0.0003
500ml康师傅冰糖雪梨,0.0003
34g公仔迷你杯牛肉味,0.0003
50g双层百力滋特浓番茄味,0.0003
汤达人方便面,0.0003
合味道（浓猪骨）,0.0002
新麦潮手撕面包（提子味）,0.0002
冰红茶（罐）,0.0002
500ML宝矿力,0.0002
维他奶（巧克力味）,0.0002
日式鱼果,0.0002
多芙利香草奶油味蛋糕,0.0002
芦荟汁,0.0002
好吃点小饼干,0.0002
500ml统一冰糖雪梨,0.0002
70g乐事薯片青柠味,0.0002
旺仔牛奶,0.0002
小茗同学冷泡茶（乳酸菌味）,0.0002
旺仔牛奶145ml,0.0002
怡宝矿泉水,0.0002
32g卫龙亲嘴烧川香味,0.0002
250ml维他椰子味豆奶7716,0.0002
汤达人桶面,0.0002
可乐（500ml）,0.0002
250ml统一麦香奶茶,0.0002
乐虎,0.0002
脉动（青柠）,0.0002
卫龙亲嘴烧红烧牛肉味,0.0002
250ml香满楼纯牛奶,0.0002
40g卫龙点心面黑椒牛排味,0.0002
5片装益达绿箭口香糖,0.0002
250ml维他椰子植物蛋白饮料,0.0002
可口可乐330ml（罐）,0.0002
40g乐事薯片墨西哥鸡汁番茄味,0.0001
34g公仔迷你杯风味排骨味,0.0001
50g双层百力滋奶咖味,0.0001
小糖衣血糖仪,0.0001
250ml维他椰子植物蛋白饮料9374,0.0001
500ml恒大冰泉矿泉水,0.0001
145ml旺仔牛奶罐装,0.0001
经典奶茶,0.0001
上好佳洋葱圈,0.0001
盼盼手撕面包,0.0001
新麦潮天然酵母面包（牛奶风味）,0.0001
每日特惠,0.0
商品2,0.0
商品1,0.0
10g越南LIPO奶味面包干0046,0.0
小糖衣血糖试纸,0.0
手撕素肉排,0.0
韩国海牌海苔,0.0
