商品,销售额占比
东鹏特饮,0.037
阿萨姆奶茶,0.031
脉动,0.03
怡宝纯净水,0.025
营养快线,0.024
红牛,0.024
30g无穷农场盐_鸡蛋,0.022
13g无穷烤鸡小腿蜂蜜味,0.02
86g合味道海鲜风味,0.017
250ml维他柠檬茶,0.017
统一冰红茶,0.016
100g*5瓶益力多,0.015
250ml维他原味豆奶,0.015
口味王槟榔（绿）,0.014
250ml燕塘甜牛奶,0.014
250ml燕塘红枣牛奶,0.014
85g统一老坛酸菜牛肉面,0.013
250ml燕塘原味酸奶,0.013
268ml雀巢咖啡丝滑拿铁,0.013
145ml旺仔牛奶盒装,0.012
250ml红牛,0.012
统一绿茶,0.011
芙蓉王,0.011
330ml伊利畅意乳酸菌原味,0.011
果粒橙,0.011
卫龙大面筋,0.011
银鹭八宝粥,0.01
32g卫龙亲嘴烧,0.01
口味王槟榔（红）,0.01
王老吉（500ml）,0.01
430g泰奇八宝粥,0.01
188g澳门永辉鸡仔饼,0.009
205g伊利安慕希原味,0.009
20g咪咪虾条马来西亚风味,0.009
40g双汇玉米热狗肠,0.009
雪碧（500ml）,0.009
78g卫龙亲嘴语辣条,0.008
500ml统一阿萨姆奶茶,0.008
450ml美汁源果粒橙,0.008
伊利优酸乳,0.008
70g乖媳妇野山泡椒凤爪,0.007
85g新麦潮北海道吐司,0.007
可口可乐（500ml）,0.007
148g富甲一方紫薯仔,0.007
80g四洲粟一烧烧烤味,0.007
12g劲仔小鱼麻辣味,0.007
37.5g费列罗榛果威化巧克力3颗,0.006
40g乐事薯片黄瓜味,0.006
91g徐福记凤梨酥,0.006
伊利纯牛奶,0.006
180g统一满汉全席台式半筋半肉牛肉面,0.006
85g新麦潮手撕面包（提子味）,0.006
600ml脉动青柠,0.006
260g马来西亚进口茱蒂丝口口香饼干,0.006
鸭翅,0.006
王老吉（罐）,0.006
雀巢咖啡,0.006
58g丽芝士纳宝帝奶酪威化饼干,0.005
110g顺宝九制话梅,0.005
55g奥利奥原味芝士饼干,0.005
雪碧最新款,0.005
52g旺旺仙贝,0.005
160g盼盼手撕面包,0.005
32g卫龙亲嘴烧红烧牛肉味,0.005
500ml加多宝,0.005
225g味之不规则饼干芝士味,0.005
250ml维他奶巧克力味,0.005
480ml小茗同学冷泡青柠红茶,0.005
维他柠檬茶,0.004
70g乐事薯片黄瓜味,0.004
50g马赛克手撕鱿鱼条,0.004
500ml农夫果园 (芒果+菠萝+番石榴),0.004
维他奶,0.004
可口可乐最新款,0.004
600ml可口可乐,0.004
370g泰奇八宝粥,0.004
85g嘉士利果乐果香夹心饼干蓝莓味,0.004
雪碧330ml,0.004
150g健能酸奶原味,0.004
香豆干,0.004
湘潭铺子(羽泉版),0.004
75g新麦潮天然酵母面包（北海道牛奶风味）,0.003
65g卫龙亲嘴豆皮,0.003
优益C活菌型乳酸菌饮品,0.003
冰糖雪梨,0.003
68g好丽友巧克力派2枚,0.003
80g马赛克香蕉片,0.003
600ml雪碧,0.003
50g上好佳日式鱼果,0.003
48g好丽友薯愿香烤原味,0.003
40g呀土豆薯片滋香烤鸡味,0.003
40g乐事美国经典原味,0.003
芬达330ml,0.003
2g韩国海牌海苔,0.003
茉莉蜜茶,0.003
180ml雀巢咖啡罐装,0.003
100g果王咸柑桔罐装,0.003
可口可乐330ml,0.003
86g合味道浓猪骨味,0.003
小鱼仔,0.003
无穷农场盐_鸡蛋,0.003
怡宝,0.003
熊字饼,0.003
四洲粟一烧烧烤味,0.003
泰奇八宝粥,0.002
诗竹竹纤维面巾纸,0.002
新麦潮天然酵母面包,0.002
250ML东鹏特饮,0.002
阿萨姆煎茶奶绿,0.002
百事可乐500ml,0.002
250ml维他奶低糖原味,0.002
55g奥利奥原味夹心饼干,0.002
统一来一桶香辣老坛酸菜牛肉面,0.002
30g元朗小蛋卷,0.002
农夫果园,0.002
80g香飘飘椰果奶茶原味,0.002
70g乐事薯片（黄瓜味）,0.002
68g好丽友蛋黄派2枚,0.002
40g呀土豆番茄酱味,0.002
45g双汇泡面拍挡,0.002
尖叫,0.002
50g上好佳田园薯片番茄味,0.002
20g马来西亚风味咪咪蟹味粒0219,0.002
益力多100g*5瓶,0.002
107g出前一丁桶面酱香牛肉王,0.002
150g洽洽原香瓜子,0.002
印尼芝士威化饼干,0.002
无穷烤鸡小腿（蜂蜜）,0.002
椰树牌椰汁,0.002
103g康师傅红烧牛肉面,0.002
12g劲仔小鱼卤香味,0.002
可乐可乐,0.002
卫龙亲嘴烧红烧牛肉味,0.002
10g卫龙亲嘴烧香辣味,0.001
40g上好佳田园薯片番茄味,0.001
117gUFO炒面铁板色拉鱿鱼风味,0.001
康师傅矿泉水,0.001
40g乐事薯片墨西哥鸡汁番茄味,0.001
美汁源果粒橙,0.001
40g卫龙点心面黑椒牛排味,0.001
205ml安慕希蓝莓味,0.001
美年达（罐）,0.001
480ml小茗同学冷泡溜溜哒茶,0.001
500ML宝矿力,0.001
合味道（浓猪骨）,0.001
小茗同学,0.001
500ml营养快线原味,0.001
100g卫龙点心面黑椒牛排味,0.001
50g双层百力滋奶咖味,0.001
40g上好佳日式鱼果,0.001
脉动（青柠）,0.001
34g公仔迷你杯牛肉味,0.001
250ml维他奶黑豆奶饮品,0.001
雪力矿泉水,0.001
雪碧,0.001
150抽诗竹竹纤维面巾纸,0.001
250ml王老吉盒装,0.001
越南LIPO奶味面包干100g,0.001
250ml统一麦香奶茶,0.001
日式鱼果,0.001
韩国海牌海苔,0.001
贡美忆江南充电宝5000mAh,0.001
新麦潮天然酵母面包（牛奶风味）,0.001
250ml维他椰子植物蛋白饮料,0.001
250ml维他椰子植物蛋白饮料9374,0.001
145g果王迷你山楂包装,0.001
手撕素肉排,0.001
香脆肠,0.001
130g果王玉带蚕豆,0.001
旺仔牛奶,0.001
怡宝矿泉水,0.001
50g双层百力滋特浓番茄味,0.001
合味道（海鲜风味）,0.001
上好佳田园薯片,0.001
咪咪虾条马来西亚风味,0.001
燕塘红枣牛奶,0.001
双汇玉米热狗肠,0.001
68g多力多玉米片爆香热辣味,0.001
奥利奥原味芝士,0.001
70g乐事薯片原味,0.001
盼盼手撕面包,0.001
卫龙亲嘴烧麦辣鸡汁味,0.001
70g乐事薯片（原味）,0.001
多芙利香草奶油味蛋糕,0.001
维他原味豆奶,0.001
劲仔小鱼（麻辣味）,0.001
红利群（硬）,0.001
78g合味道杯面香菇炖鸡风味,0.001
统一阿萨姆奶茶,0.001
加多宝,0.001
83g汤达人酸辣豚骨拉面,0.001
80g香飘飘椰果奶茶麦香味,0.001
丽芝士纳宝帝奶酪威化饼干,0.001
维他奶黑豆奶饮品,0.001
好吃点小饼干,0.001
5片装益达绿箭口香糖,0.001
燕塘原味酸奶,0.001
燕塘甜牛奶,0.001
55g奥利奥迷你杯夹心小饼干杯装原味,0.001
好吃点,0.001
乐虎,0.001
56g益达无糖口香糖,0.001
百事可乐330ml,0.001
冰红茶（罐）,0.0
新麦潮手撕面包（提子味）,0.0
劲仔小鱼,0.0
凤爪,0.0
新麦潮天然酵母面包（良品铺子）,0.0
20g洽洽每日坚果,0.0
20g士力架,0.0
商品1,0.0
20g咩咩世界虾味条,0.0
健能酸奶,0.0
182g徐福记凤梨酥,0.0
13g雀巢咖啡1+2特浓,0.0
劲仔小鱼（卤香味）,0.0
旺仔牛奶145ml,0.0
味之不规则饼干（芝士味）,0.0
100g越南LIPO奶味面包干,0.0
可口可乐330ml（罐）,0.0
和成天下（黄）,0.0
10g越南LIPO奶味面包干,0.0
10g越南LIPO奶味面包干0015,0.0
10g越南LIPO奶味面包干0046,0.0
口味王槟榔（绿色）,0.0
14g德芙巧克力,0.0
120g达利园蔓越莓提子面包,0.0
123gUFO炒面XO酱海鲜风味,0.0
咪咪,0.0
220g宝丰龙龟苓膏,0.0
劲仔小鱼（香辣味）,0.0
145ml旺仔牛奶罐装,0.0
劲仔小鱼（酱汁味）,0.0
珠江纯生啤酒,0.0
娃哈哈红枣酸奶,0.0
220g宝丰龙龟苓膏菊花味,0.0
汤达人方便面,0.0
70g乐事薯片青柠味,0.0
康师傅拉面(袋),0.0
40g盼盼手撕面包,0.0
维他柠檬茶330ml（罐）,0.0
巧克力奶油味蛋糕,0.0
65g格力高百力滋饼干巧克力味,0.0
60g湖湘贡手撕鸭脖原味,0.0
500ml康师傅冰糖雪梨,0.0
多力多滋（热辣味）,0.0
500ml恒大冰泉矿泉水,0.0
500ml统一冰糖雪梨,0.0
维他奶（巧克力味）,0.0
威化饼干,0.0
小糖衣血糖试纸,0.0
58.5g钙芝奶酪味高钙威化饼干,0.0
小糖衣血糖仪,0.0
天地一号,0.0
脉动（椰子菠萝口味）,0.0
乐虎（380ml）,0.0
鸡爪,0.0
钙芝奶酪味高钙威化饼干,0.0
越南LIPO奶味面包干10g,0.0
乐事薯片（黄瓜味）,0.0
乐事薯片（青柠）,0.0
贡美苹果数据线,0.0
安慕希酸奶,0.0
新麦潮北海道吐司,0.0
经典奶茶,0.0
34g公仔迷你杯风味排骨味,0.0
250ml香满楼纯牛奶,0.0
商品2,0.0
拿铁咖啡（统一）,0.0
80g粤光宝盒芒果干,0.0
芦荟汁,0.0
32g卫龙亲嘴烧川香味,0.0
78g卫龙亲语,0.0
小茗同学冷泡茶（乳酸菌味）,0.0
