商品,销售额占比
怡宝纯净水,0.0483
脉动,0.0472
营养快线,0.0369
阿萨姆奶茶,0.0364
东鹏特饮,0.0273
统一冰红茶,0.0227
红牛,0.0204
王老吉（500ml）,0.0197
果粒橙,0.0182
统一绿茶,0.0179
王老吉（罐）,0.0165
250ml维他柠檬茶,0.0157
250ml红牛,0.0154
268ml雀巢咖啡丝滑拿铁,0.0135
250ml维他原味豆奶,0.0135
86g合味道海鲜风味,0.0133
芬达330ml,0.0129
260g马来西亚进口茱蒂丝口口香饼干,0.0124
250ml燕塘原味酸奶,0.0118
30g无穷农场盐_鸡蛋,0.0114
250ml燕塘甜牛奶,0.0107
伊利优酸乳,0.0107
430g泰奇八宝粥,0.0106
85g统一老坛酸菜牛肉面,0.0105
雪碧最新款,0.0104
250ml燕塘红枣牛奶,0.01
330ml伊利畅意乳酸菌原味,0.0096
银鹭八宝粥,0.0096
100g*5瓶益力多,0.0093
40g双汇玉米热狗肠,0.0092
13g无穷烤鸡小腿蜂蜜味,0.0089
口味王槟榔（绿）,0.0086
145ml旺仔牛奶盒装,0.0081
500ml统一阿萨姆奶茶,0.008
可口可乐330ml,0.008
伊利纯牛奶,0.0078
雀巢咖啡,0.0077
可口可乐（500ml）,0.0077
熊字饼,0.0067
雪碧（500ml）,0.0066
78g卫龙亲嘴语辣条,0.0066
180g统一满汉全席台式半筋半肉牛肉面,0.0064
600ml脉动青柠,0.0063
205g伊利安慕希原味,0.0062
85g新麦潮北海道吐司,0.006
450ml美汁源果粒橙,0.0058
维他柠檬茶,0.0057
卫龙大面筋,0.0056
雪碧330ml,0.0056
600ml可口可乐,0.0053
55g奥利奥原味芝士饼干,0.0053
冰糖雪梨,0.0053
188g澳门永辉鸡仔饼,0.0052
鸭翅,0.0052
500ml加多宝,0.0051
20g咪咪虾条马来西亚风味,0.005
148g富甲一方紫薯仔,0.005
85g新麦潮手撕面包（提子味）,0.0047
益力多100g*5瓶,0.0047
可口可乐最新款,0.0046
480ml小茗同学冷泡青柠红茶,0.0046
250ml维他奶巧克力味,0.0046
225g味之不规则饼干芝士味,0.0045
70g乖媳妇野山泡椒凤爪,0.0045
85g嘉士利果乐果香夹心饼干蓝莓味,0.0044
12g劲仔小鱼麻辣味,0.0044
维他奶,0.0042
37.5g费列罗榛果威化巧克力3颗,0.0041
美年达（罐）,0.0041
600ml雪碧,0.004
32g卫龙亲嘴烧,0.004
秒充,0.004
58g丽芝士纳宝帝奶酪威化饼干,0.0039
维他原味豆奶,0.0038
160g盼盼手撕面包,0.0038
80g四洲粟一烧烧烤味,0.0037
无穷烤鸡小腿（蜂蜜）,0.0035
优益C活菌型乳酸菌饮品,0.0034
湘潭铺子(羽泉版),0.0034
口味王槟榔（红）,0.0033
65g卫龙亲嘴豆皮,0.0033
500ml农夫果园 (芒果+菠萝+番石榴),0.0031
香豆干,0.0031
可乐可乐,0.003
尖叫,0.003
91g徐福记凤梨酥,0.003
110g顺宝九制话梅,0.0029
50g马赛克手撕鱿鱼条,0.0029
无穷农场盐_鸡蛋,0.0029
75g新麦潮天然酵母面包（北海道牛奶风味）,0.0028
合味道（海鲜风味）,0.0028
52g旺旺仙贝,0.0028
双汇玉米热狗肠,0.0028
32g卫龙亲嘴烧红烧牛肉味,0.0028
茉莉蜜茶,0.0028
乐事薯片（黄瓜味）,0.0028
68g好丽友巧克力派2枚,0.0027
芦荟汁,0.0027
70g乐事薯片原味,0.0026
2g韩国海牌海苔,0.0026
椰树牌椰汁,0.0026
150g健能酸奶原味,0.0026
旺仔牛奶,0.0026
加多宝,0.0025
燕塘红枣牛奶,0.0025
乐虎,0.0024
250ML东鹏特饮,0.0024
雪碧,0.0023
脉动（青柠）,0.0022
农夫果园,0.0022
统一阿萨姆奶茶,0.0022
泰奇八宝粥,0.0021
86g合味道浓猪骨味,0.0021
70g乐事薯片黄瓜味,0.0021
250ml维他奶低糖原味,0.002
咪咪虾条马来西亚风味,0.002
奥利奥原味芝士,0.0019
117gUFO炒面铁板色拉鱿鱼风味,0.0019
劲仔小鱼（麻辣味）,0.0019
和成天下（黄）,0.0019
小鱼仔,0.0018
45g双汇泡面拍挡,0.0018
40g乐事薯片黄瓜味,0.0018
燕塘甜牛奶,0.0018
220g宝丰龙龟苓膏,0.0017
70g乐事薯片（黄瓜味）,0.0017
150g洽洽原香瓜子,0.0017
旺仔牛奶145ml,0.0017
统一来一桶香辣老坛酸菜牛肉面,0.0016
50g上好佳田园薯片番茄味,0.0016
丽芝士纳宝帝奶酪威化饼干,0.0016
维他奶（巧克力味）,0.0015
芙蓉王,0.0015
40g乐事美国经典原味,0.0015
上好佳田园薯片,0.0014
40g呀土豆薯片滋香烤鸡味,0.0014
燕塘原味酸奶,0.0014
50g上好佳日式鱼果,0.0014
80g马赛克香蕉片,0.0014
香脆肠,0.0014
卫龙亲嘴烧红烧牛肉味,0.0014
48g好丽友薯愿香烤原味,0.0013
30g元朗小蛋卷,0.0013
美汁源果粒橙,0.0013
55g奥利奥原味夹心饼干,0.0013
40g呀土豆番茄酱味,0.0013
180ml雀巢咖啡罐装,0.0013
100g果王咸柑桔罐装,0.0013
250ml统一麦香奶茶,0.0013
诗竹竹纤维面巾纸,0.0012
10g卫龙亲嘴烧香辣味,0.0012
印尼芝士威化饼干,0.0012
68g多力多玉米片爆香热辣味,0.0012
乐事薯片（青柠）,0.0012
40g上好佳日式鱼果,0.0012
103g康师傅红烧牛肉面,0.0012
70g乐事薯片（原味）,0.0011
日式鱼果,0.0011
145g果王迷你山楂包装,0.0011
370g泰奇八宝粥,0.0011
40g乐事薯片墨西哥鸡汁番茄味,0.0011
480ml小茗同学冷泡溜溜哒茶,0.001
40g卫龙点心面黑椒牛排味,0.001
500ml康师傅冰糖雪梨,0.001
34g公仔迷你杯牛肉味,0.001
80g香飘飘椰果奶茶原味,0.001
韩国海牌海苔,0.001
健能酸奶,0.0009
越南LIPO奶味面包干100g,0.0009
107g出前一丁桶面酱香牛肉王,0.0009
和成天下（红）,0.0009
好吃点,0.0009
康师傅矿泉水,0.0008
怡宝,0.0008
新麦潮天然酵母面包（牛奶风味）,0.0008
顺宝九制梅,0.0008
145ml旺仔牛奶罐装,0.0008
150抽诗竹竹纤维面巾纸,0.0008
脉动（椰子菠萝口味）,0.0008
68g好丽友蛋黄派2枚,0.0008
130g果王玉带蚕豆,0.0008
5片装益达绿箭口香糖,0.0007
雪力矿泉水,0.0007
味之不规则饼干（芝士味）,0.0007
100g卫龙点心面黑椒牛排味,0.0007
80g香飘飘椰果奶茶麦香味,0.0006
250ml维他椰子植物蛋白饮料,0.0006
乖媳妇野山椒风爪,0.0006
新麦潮北海道吐司,0.0006
四洲粟一烧烧烤味,0.0006
55g奥利奥迷你杯夹心小饼干杯装原味,0.0006
205ml安慕希蓝莓味,0.0006
10g越南LIPO奶味面包干0015,0.0006
250ml王老吉盒装,0.0006
盼盼手撕面包,0.0006
拿铁咖啡（统一）,0.0005
百事可乐500ml,0.0005
小茗同学,0.0005
123gUFO炒面XO酱海鲜风味,0.0005
阿萨姆煎茶奶绿,0.0005
500ml营养快线原味,0.0005
32g卫龙亲嘴烧川香味,0.0004
20g马来西亚风味咪咪蟹味粒0219,0.0004
12g劲仔小鱼卤香味,0.0004
40g上好佳田园薯片番茄味,0.0004
500ML宝矿力,0.0004
50g双层百力滋奶咖味,0.0004
50g双层百力滋特浓番茄味,0.0004
手撕素肉排,0.0004
怡宝矿泉水,0.0004
巧克力奶油味蛋糕,0.0004
凤爪,0.0004
劲仔小鱼（卤香味）,0.0004
多芙利香草奶油味蛋糕,0.0004
咪咪,0.0003
220g宝丰龙龟苓膏绿豆味,0.0003
新麦潮天然酵母面包（良品铺子）,0.0003
安慕希酸奶,0.0003
好吃点小饼干,0.0003
330ml伊利畅意乳酸菌草莓味,0.0003
34g公仔迷你杯风味排骨味,0.0003
250ml维他奶黑豆奶饮品,0.0003
83g汤达人酸辣豚骨拉面,0.0003
500ml恒大冰泉矿泉水,0.0003
味之不规则饼干（番茄味）,0.0002
80g盼盼手撕面包,0.0002
新麦潮手撕面包（提子味）,0.0002
78g合味道杯面香菇炖鸡风味,0.0002
10g越南LIPO奶味面包干,0.0001
13g雀巢咖啡1+2特浓,0.0001
维他柠檬茶330ml（罐）,0.0001
20g咩咩世界虾味条,0.0001
每日特惠,0.0001
百事可乐330ml,0.0001
75g达利园柠檬蛋糕,0.0001
合味道（浓猪骨）,0.0001
可口可乐330ml（罐）,0.0001
卫龙亲嘴烧麦辣鸡汁味,0.0001
劲仔小鱼（酱汁味）,0.0001
冰红茶（罐）,0.0001
220g宝丰龙龟苓膏菊花味,0.0001
乐虎（380ml）,0.0001
鸡爪,0.0001
78g卫龙亲语,0.0001
小茗同学冷泡茶（乳酸菌味）,0.0001
小茗同学（青柠红茶）,0.0001
70g乐事薯片青柠味,0.0001
60g溜溜九制梅,0.0001
500ml统一冰糖雪梨,0.0001
迷你纸巾,0.0001
340ml蒙牛优益C乳酸菌,0.0001
经典奶茶,0.0001
250ml维他椰子植物蛋白饮料9374,0.0001
250ml维他椰子味豆奶7716,0.0001
商品2,0.0
新麦潮天然酵母面包,0.0
小糖衣血糖仪,0.0
威化饼干,0.0
商品21,0.0
20g士力架,0.0
10g越南LIPO奶味面包干0046,0.0
商品1,0.0
12g劲仔小鱼（香辣味）,0.0
珠江纯生啤酒,0.0
14g德芙巧克力,0.0
40g盼盼手撕面包,0.0
维他奶黑豆奶饮品,0.0
