商品,销售额占比
怡宝纯净水,0.0645
阿萨姆奶茶,0.0358
脉动,0.0347
营养快线,0.0339
东鹏特饮,0.0318
王老吉（500ml）,0.0256
红牛,0.0223
统一冰红茶,0.0207
芙蓉王,0.0198
口味王槟榔（绿）,0.0174
果粒橙,0.0167
250ml维他柠檬茶,0.0153
30g无穷农场盐_鸡蛋,0.0153
250ml红牛,0.0151
王老吉（罐）,0.014
100g*5瓶益力多,0.0136
250ml维他原味豆奶,0.0136
86g合味道海鲜风味,0.0132
13g无穷烤鸡小腿蜂蜜味,0.0127
统一绿茶,0.0124
260g马来西亚进口茱蒂丝口口香饼干,0.0123
268ml雀巢咖啡丝滑拿铁,0.0123
330ml伊利畅意乳酸菌原味,0.0117
250ml燕塘原味酸奶,0.0115
可口可乐330ml,0.0115
145ml旺仔牛奶盒装,0.0114
芬达330ml,0.0113
卫龙大面筋,0.0108
250ml燕塘甜牛奶,0.0106
250ml燕塘红枣牛奶,0.0105
伊利纯牛奶,0.0098
85g统一老坛酸菜牛肉面,0.0095
430g泰奇八宝粥,0.0095
180g统一满汉全席台式半筋半肉牛肉面,0.0092
伊利优酸乳,0.0091
银鹭八宝粥,0.0089
205g伊利安慕希原味,0.0087
雪碧（500ml）,0.0087
口味王槟榔（红）,0.0086
雪碧最新款,0.0079
500ml统一阿萨姆奶茶,0.0079
40g双汇玉米热狗肠,0.0078
85g新麦潮手撕面包（提子味）,0.0074
188g澳门永辉鸡仔饼,0.0072
450ml美汁源果粒橙,0.0072
85g新麦潮北海道吐司,0.0071
熊字饼,0.0067
鸭翅,0.0066
可口可乐最新款,0.0064
78g卫龙亲嘴语辣条,0.0061
600ml可口可乐,0.0058
250ml维他奶巧克力味,0.0057
百事可乐500ml,0.0057
160g盼盼手撕面包,0.0056
20g咪咪虾条马来西亚风味,0.0055
雪碧330ml,0.0055
维他奶,0.0049
12g劲仔小鱼麻辣味,0.0046
150g健能酸奶原味,0.0046
维他柠檬茶,0.0045
148g富甲一方紫薯仔,0.0043
85g嘉士利果乐果香夹心饼干蓝莓味,0.0043
480ml小茗同学冷泡青柠红茶,0.0042
80g四洲粟一烧烧烤味,0.0042
雀巢咖啡,0.0042
32g卫龙亲嘴烧,0.0042
91g徐福记凤梨酥,0.0041
70g乖媳妇野山泡椒凤爪,0.0041
58g丽芝士纳宝帝奶酪威化饼干,0.004
香豆干,0.0039
500ml加多宝,0.0039
冰糖雪梨,0.0038
70g乐事薯片黄瓜味,0.0036
75g新麦潮天然酵母面包（北海道牛奶风味）,0.0035
600ml脉动青柠,0.0035
可口可乐（500ml）,0.0034
110g顺宝九制话梅,0.0032
55g奥利奥原味芝士饼干,0.0032
小鱼仔,0.0032
225g味之不规则饼干芝士味,0.0031
180ml雀巢咖啡罐装,0.003
68g好丽友巧克力派2枚,0.003
250ML东鹏特饮,0.0029
湘潭铺子(羽泉版),0.0028
2g韩国海牌海苔,0.0027
600ml雪碧,0.0026
150g洽洽原香瓜子,0.0026
52g旺旺仙贝,0.0026
50g上好佳田园薯片番茄味,0.0025
无穷烤鸡小腿（蜂蜜）,0.0025
37.5g费列罗榛果威化巧克力3颗,0.0024
370g泰奇八宝粥,0.0024
65g卫龙亲嘴豆皮,0.0023
500ml农夫果园 (芒果+菠萝+番石榴),0.0023
40g呀土豆薯片滋香烤鸡味,0.0023
40g乐事薯片黄瓜味,0.0022
40g呀土豆番茄酱味,0.0021
怡宝,0.0021
40g乐事美国经典原味,0.0021
茉莉蜜茶,0.002
50g马赛克手撕鱿鱼条,0.0019
32g卫龙亲嘴烧红烧牛肉味,0.0019
80g马赛克香蕉片,0.0018
印尼芝士威化饼干,0.0018
45g双汇泡面拍挡,0.0018
145g果王迷你山楂包装,0.0017
10g卫龙亲嘴烧香辣味,0.0017
益力多100g*5瓶,0.0017
55g奥利奥原味夹心饼干,0.0017
香脆肠,0.0016
48g好丽友薯愿香烤原味,0.0016
80g香飘飘椰果奶茶原味,0.0016
86g合味道浓猪骨味,0.0014
70g乐事薯片（黄瓜味）,0.0014
70g乐事薯片原味,0.0014
泰奇八宝粥,0.0014
椰树牌椰汁,0.0014
阿萨姆煎茶奶绿,0.0014
合味道（海鲜风味）,0.0014
40g上好佳日式鱼果,0.0014
500ml营养快线原味,0.0013
250ml王老吉盒装,0.0013
50g上好佳日式鱼果,0.0012
维他原味豆奶,0.0012
尖叫,0.0012
250ml维他奶低糖原味,0.0012
安慕希酸奶,0.0012
可乐可乐,0.0012
优益C活菌型乳酸菌饮品,0.0012
美汁源果粒橙,0.0012
80g香飘飘椰果奶茶麦香味,0.0012
40g乐事薯片墨西哥鸡汁番茄味,0.0011
美年达（罐）,0.0011
20g马来西亚风味咪咪蟹味粒0219,0.0011
诗竹竹纤维面巾纸,0.0011
30g元朗小蛋卷,0.001
250ml维他奶黑豆奶饮品,0.001
双汇玉米热狗肠,0.001
103g康师傅红烧牛肉面,0.001
100g果王咸柑桔罐装,0.001
70g乐事薯片（原味）,0.0009
220g宝丰龙龟苓膏,0.0009
130g果王玉带蚕豆,0.0009
500ml康师傅冰糖雪梨,0.0009
燕塘甜牛奶,0.0009
好吃点,0.0009
乐虎（380ml）,0.0009
燕塘红枣牛奶,0.0009
34g公仔迷你杯牛肉味,0.0008
凤爪,0.0008
咪咪虾条马来西亚风味,0.0008
上好佳田园薯片,0.0008
经典奶茶,0.0008
68g好丽友蛋黄派2枚,0.0008
四洲粟一烧烧烤味,0.0008
乐虎,0.0008
丽芝士纳宝帝奶酪威化饼干,0.0007
天地一号,0.0007
12g劲仔小鱼卤香味,0.0007
500ML宝矿力,0.0007
250ml统一麦香奶茶,0.0007
68g多力多玉米片爆香热辣味,0.0007
480ml小茗同学冷泡溜溜哒茶,0.0007
脉动（青柠）,0.0007
无穷农场盐_鸡蛋,0.0007
32g卫龙亲嘴烧川香味,0.0006
芦荟汁,0.0006
40g卫龙点心面黑椒牛排味,0.0006
340ml蒙牛优益C乳酸菌,0.0006
好吃点小饼干,0.0006
利群（硬）,0.0006
78g合味道杯面香菇炖鸡风味,0.0006
健能酸奶,0.0006
5片装益达绿箭口香糖,0.0006
统一阿萨姆奶茶,0.0006
117gUFO炒面铁板色拉鱿鱼风味,0.0005
味之不规则饼干（芝士味）,0.0005
100g卫龙点心面黑椒牛排味,0.0005
奥利奥原味芝士,0.0005
卫龙亲嘴烧红烧牛肉味,0.0005
250ml维他椰子植物蛋白饮料,0.0005
乐事薯片（黄瓜味）,0.0005
加多宝,0.0005
205ml安慕希蓝莓味,0.0005
34g公仔迷你杯风味排骨味,0.0004
咪咪,0.0004
鸡爪,0.0004
口味王槟榔（绿色）,0.0004
燕塘原味酸奶,0.0004
统一来一桶香辣老坛酸菜牛肉面,0.0004
旺仔牛奶,0.0004
农夫果园,0.0004
康师傅矿泉水,0.0004
手撕素肉排,0.0004
越南LIPO奶味面包干100g,0.0003
雪力矿泉水,0.0003
巧克力奶油味蛋糕,0.0003
13g雀巢咖啡1+2特浓,0.0003
珠江纯生啤酒,0.0003
冰红茶（罐）,0.0003
150抽诗竹竹纤维面巾纸,0.0003
新麦潮天然酵母面包（牛奶风味）,0.0003
维他奶（巧克力味）,0.0003
可口可乐330ml（罐）,0.0003
乐事薯片（青柠）,0.0003
劲仔小鱼（麻辣味）,0.0003
55g奥利奥迷你杯夹心小饼干杯装原味,0.0003
劲仔小鱼（卤香味）,0.0003
107g出前一丁桶面酱香牛肉王,0.0003
小茗同学（青柠红茶）,0.0002
雪碧,0.0002
韩国海牌海苔,0.0002
顺宝九制梅,0.0002
旺仔牛奶145ml,0.0002
日式鱼果,0.0002
百事可乐330ml,0.0002
145ml旺仔牛奶罐装,0.0002
小茗同学,0.0002
多芙利香草奶油味蛋糕,0.0002
立体声耳机（象牙白）,0.0002
和成天下（黄）,0.0002
50g双层百力滋特浓番茄味,0.0002
50g双层百力滋奶咖味,0.0002
维他柠檬茶330ml（罐）,0.0002
330ml伊利畅意乳酸菌草莓味,0.0002
脉动（椰子菠萝口味）,0.0002
83g汤达人酸辣豚骨拉面,0.0002
迷你纸巾,0.0001
合味道（浓猪骨）,0.0001
无穷烤鸡小腿,0.0001
盼盼手撕面包,0.0001
12g劲仔小鱼（香辣味）,0.0001
卫龙亲嘴烧麦辣鸡汁味,0.0001
500ml统一冰糖雪梨,0.0001
汤达人方便面,0.0001
汤达人桶面,0.0001
乖媳妇野山椒风爪,0.0001
90g顺宝九制杨梅,0.0001
新麦潮手撕面包（提子味）,0.0001
80g盼盼手撕面包,0.0001
威化饼干,0.0001
250ml香满楼纯牛奶,0.0001
40g上好佳田园薯片番茄味,0.0001
拿铁咖啡（统一）,0.0001
小茗同学冷泡茶（乳酸菌味）,0.0001
200g喜之郎/什锦果肉,0.0001
娃哈哈红枣酸奶,0.0001
怡宝矿泉水,0.0001
250ml维他椰子植物蛋白饮料9374,0.0001
新麦潮北海道吐司,0.0001
220g宝丰龙龟苓膏绿豆味,0.0001
220g宝丰龙龟苓膏菊花味,0.0001
康师傅拉面(袋),0.0001
小糖衣血糖仪,0.0
小糖衣血糖试纸,0.0
每日特惠,0.0
500ml恒大冰泉矿泉水,0.0
20g士力架,0.0
商品2,0.0
商品14,0.0
商品1,0.0
