商品,月份出现次数,总销量,标签
100g*5瓶益力多,10,64,正常
100g卫龙点心面黑椒牛排味,7,12,滞销
100g果王咸柑桔罐装,8,20,滞销
103g康师傅红烧牛肉面,7,19,滞销
107g出前一丁桶面酱香牛肉王,5,13,滞销
10g卫龙亲嘴烧香辣味,12,72,正常
10g越南LIPO奶味面包干,2,3,滞销
10g越南LIPO奶味面包干0015,2,3,滞销
10g越南LIPO奶味面包干0046,1,1,滞销
110g顺宝九制话梅,11,59,正常
117gUFO炒面铁板色拉鱿鱼风味,8,26,滞销
123gUFO炒面XO酱海鲜风味,3,6,滞销
12g劲仔小鱼卤香味,9,15,正常
12g劲仔小鱼麻辣味,11,183,正常
12g劲仔小鱼（香辣味）,2,2,滞销
130g果王玉带蚕豆,6,11,滞销
13g无穷烤鸡小腿蜂蜜味,11,212,正常
13g雀巢咖啡1+2特浓,3,4,滞销
145g果王迷你山楂包装,7,15,滞销
145ml旺仔牛奶盒装,10,228,正常
145ml旺仔牛奶罐装,7,21,滞销
148g富甲一方紫薯仔,10,70,正常
14g德芙巧克力,1,1,滞销
150g健能酸奶原味,10,61,正常
150g洽洽原香瓜子,6,23,滞销
150抽诗竹竹纤维面巾纸,6,15,滞销
160g盼盼手撕面包,9,52,正常
180g统一满汉全席台式半筋半肉牛肉面,6,15,滞销
180ml雀巢咖啡罐装,9,24,正常
188g澳门永辉鸡仔饼,5,13,滞销
205g伊利安慕希原味,11,89,正常
205ml安慕希蓝莓味,8,10,滞销
20g咩咩世界虾味条,3,3,滞销
20g咪咪虾条马来西亚风味,10,260,正常
20g士力架,2,2,滞销
20g马来西亚风味咪咪蟹味粒0219,8,27,滞销
220g宝丰龙龟苓膏,10,35,正常
220g宝丰龙龟苓膏绿豆味,4,5,滞销
220g宝丰龙龟苓膏菊花味,1,1,滞销
225g味之不规则饼干芝士味,8,50,滞销
250ML东鹏特饮,9,49,正常
250ml燕塘原味酸奶,12,249,正常
250ml燕塘甜牛奶,12,232,正常
250ml燕塘红枣牛奶,12,206,正常
250ml王老吉盒装,7,20,滞销
250ml红牛,11,172,正常
250ml统一麦香奶茶,10,44,正常
250ml维他原味豆奶,12,391,正常
250ml维他奶低糖原味,10,57,正常
250ml维他奶巧克力味,12,138,正常
250ml维他奶黑豆奶饮品,3,5,滞销
250ml维他柠檬茶,11,397,正常
250ml维他椰子味豆奶7716,2,3,滞销
250ml维他椰子植物蛋白饮料,5,12,滞销
250ml维他椰子植物蛋白饮料9374,2,2,滞销
260g马来西亚进口茱蒂丝口口香饼干,8,30,滞销
268ml雀巢咖啡丝滑拿铁,12,197,正常
2g韩国海牌海苔,10,95,正常
30g元朗小蛋卷,9,44,正常
30g无穷农场盐_鸡蛋,11,341,正常
32g卫龙亲嘴烧,10,151,正常
32g卫龙亲嘴烧川香味,6,12,滞销
32g卫龙亲嘴烧红烧牛肉味,10,102,正常
330ml伊利畅意乳酸菌原味,11,149,正常
330ml伊利畅意乳酸菌草莓味,2,3,滞销
340ml蒙牛优益C乳酸菌,2,2,滞销
34g公仔迷你杯牛肉味,8,26,滞销
34g公仔迷你杯风味排骨味,6,8,滞销
37.5g费列罗榛果威化巧克力3颗,9,34,正常
370g泰奇八宝粥,7,18,滞销
40g上好佳日式鱼果,8,28,滞销
40g上好佳田园薯片番茄味,3,6,滞销
40g乐事美国经典原味,8,31,滞销
40g乐事薯片墨西哥鸡汁番茄味,8,23,滞销
40g乐事薯片黄瓜味,9,39,正常
40g卫龙点心面黑椒牛排味,5,16,滞销
40g双汇玉米热狗肠,11,415,正常
40g呀土豆番茄酱味,7,28,滞销
40g呀土豆薯片滋香烤鸡味,8,29,滞销
40g盼盼手撕面包,1,1,滞销
430g泰奇八宝粥,11,159,正常
450ml美汁源果粒橙,10,140,正常
45g双汇泡面拍挡,8,88,滞销
480ml小茗同学冷泡溜溜哒茶,8,16,滞销
480ml小茗同学冷泡青柠红茶,10,77,正常
48g好丽友薯愿香烤原味,10,25,正常
500ML宝矿力,6,7,滞销
500ml农夫果园 (芒果+菠萝+番石榴),10,63,正常
500ml加多宝,10,116,正常
500ml康师傅冰糖雪梨,8,23,滞销
500ml恒大冰泉矿泉水,4,9,滞销
500ml统一冰糖雪梨,3,3,滞销
500ml统一阿萨姆奶茶,12,158,正常
500ml营养快线原味,5,10,滞销
50g上好佳日式鱼果,8,28,滞销
50g上好佳田园薯片番茄味,8,33,滞销
50g双层百力滋奶咖味,4,8,滞销
50g双层百力滋特浓番茄味,5,8,滞销
50g马赛克手撕鱿鱼条,8,35,滞销
52g旺旺仙贝,10,63,正常
55g奥利奥原味夹心饼干,9,28,正常
55g奥利奥原味芝士饼干,11,122,正常
55g奥利奥迷你杯夹心小饼干杯装原味,5,9,滞销
58g丽芝士纳宝帝奶酪威化饼干,10,121,正常
5片装益达绿箭口香糖,10,30,正常
600ml可口可乐,10,145,正常
600ml脉动青柠,11,127,正常
600ml雪碧,10,143,正常
60g溜溜九制梅,1,1,滞销
65g卫龙亲嘴豆皮,9,69,正常
68g多力多玉米片爆香热辣味,6,14,滞销
68g好丽友巧克力派2枚,10,56,正常
68g好丽友蛋黄派2枚,7,17,滞销
70g乐事薯片原味,7,35,滞销
70g乐事薯片青柠味,2,2,滞销
70g乐事薯片黄瓜味,7,31,滞销
70g乐事薯片（原味）,8,19,滞销
70g乐事薯片（黄瓜味）,9,26,正常
70g乖媳妇野山泡椒凤爪,11,118,正常
75g新麦潮天然酵母面包（北海道牛奶风味）,9,94,正常
75g达利园柠檬蛋糕,2,2,滞销
78g卫龙亲嘴语辣条,11,143,正常
78g卫龙亲语,2,2,滞销
78g合味道杯面香菇炖鸡风味,3,3,滞销
80g四洲粟一烧烧烤味,9,46,正常
80g盼盼手撕面包,5,8,滞销
80g香飘飘椰果奶茶原味,6,20,滞销
80g香飘飘椰果奶茶麦香味,6,11,滞销
80g马赛克香蕉片,5,19,滞销
83g汤达人酸辣豚骨拉面,3,5,滞销
85g嘉士利果乐果香夹心饼干蓝莓味,9,89,正常
85g新麦潮北海道吐司,9,181,正常
85g新麦潮手撕面包（提子味）,12,145,正常
85g统一老坛酸菜牛肉面,11,180,正常
86g合味道浓猪骨味,9,33,正常
86g合味道海鲜风味,11,210,正常
91g徐福记凤梨酥,9,44,正常
上好佳田园薯片,8,30,滞销
东鹏特饮,12,709,正常
丽芝士纳宝帝奶酪威化饼干,8,43,滞销
乐事薯片（青柠）,6,10,滞销
乐事薯片（黄瓜味）,7,34,滞销
乐虎,7,47,滞销
乐虎（380ml）,2,2,滞销
乖媳妇野山椒风爪,6,16,滞销
伊利优酸乳,12,375,正常
伊利纯牛奶,12,241,正常
优益C活菌型乳酸菌饮品,8,28,滞销
健能酸奶,7,27,滞销
农夫果园,7,29,滞销
冰糖雪梨,11,143,正常
冰红茶（罐）,2,2,滞销
凤爪,6,16,滞销
加多宝,9,46,正常
劲仔小鱼（卤香味）,9,16,正常
劲仔小鱼（酱汁味）,3,3,滞销
劲仔小鱼（麻辣味）,8,37,滞销
卫龙亲嘴烧红烧牛肉味,9,49,正常
卫龙亲嘴烧麦辣鸡汁味,4,7,滞销
卫龙大面筋,12,168,正常
印尼芝士威化饼干,11,37,正常
双汇玉米热狗肠,9,103,正常
口味王槟榔（红）,7,21,滞销
口味王槟榔（绿）,12,82,正常
可乐可乐,9,71,正常
可口可乐330ml,12,244,正常
可口可乐330ml（罐）,3,3,滞销
可口可乐最新款,11,142,正常
可口可乐（500ml）,11,202,正常
合味道（浓猪骨）,2,2,滞销
合味道（海鲜风味）,8,39,滞销
味之不规则饼干（番茄味）,2,2,滞销
味之不规则饼干（芝士味）,5,7,滞销
和成天下（红）,2,6,滞销
和成天下（黄）,3,18,滞销
咪咪,5,24,滞销
咪咪虾条马来西亚风味,10,123,正常
商品1,2,3,滞销
商品2,1,1,滞销
商品21,1,1,滞销
四洲粟一烧烧烤味,3,6,滞销
多芙利香草奶油味蛋糕,4,6,滞销
奥利奥原味芝士,9,44,正常
好吃点,7,20,滞销
好吃点小饼干,7,24,滞销
威化饼干,1,1,滞销
安慕希酸奶,2,5,滞销
小糖衣血糖仪,4,7,滞销
小茗同学,6,10,滞销
小茗同学冷泡茶（乳酸菌味）,1,1,滞销
小茗同学（青柠红茶）,1,1,滞销
小鱼仔,12,130,正常
尖叫,9,67,正常
巧克力奶油味蛋糕,3,7,滞销
康师傅矿泉水,10,54,正常
怡宝,7,37,滞销
怡宝矿泉水,7,19,滞销
怡宝纯净水,12,1705,热销
手撕素肉排,7,31,滞销
拿铁咖啡（统一）,6,8,滞销
新麦潮北海道吐司,5,14,滞销
新麦潮天然酵母面包,1,1,滞销
新麦潮天然酵母面包（牛奶风味）,7,18,滞销
新麦潮天然酵母面包（良品铺子）,5,8,滞销
新麦潮手撕面包（提子味）,3,3,滞销
无穷农场盐_鸡蛋,11,81,正常
无穷烤鸡小腿（蜂蜜）,8,67,滞销
日式鱼果,7,22,滞销
旺仔牛奶,10,47,正常
旺仔牛奶145ml,5,29,滞销
果粒橙,12,470,正常
椰树牌椰汁,8,54,滞销
每日特惠,3,4,滞销
泰奇八宝粥,7,25,滞销
湘潭铺子(羽泉版),7,32,滞销
熊字饼,11,191,正常
燕塘原味酸奶,6,29,滞销
燕塘甜牛奶,8,39,滞销
燕塘红枣牛奶,8,47,滞销
王老吉（500ml）,11,417,正常
王老吉（罐）,12,410,正常
珠江纯生啤酒,1,1,滞销
百事可乐330ml,2,2,滞销
百事可乐500ml,6,14,滞销
益力多100g*5瓶,8,34,滞销
盼盼手撕面包,5,14,滞销
秒充,6,64,滞销
红牛,11,289,正常
经典奶茶,2,2,滞销
统一冰红茶,12,626,正常
统一来一桶香辣老坛酸菜牛肉面,6,26,滞销
统一绿茶,12,490,正常
统一阿萨姆奶茶,9,38,正常
维他原味豆奶,10,93,正常
维他奶,12,132,正常
维他奶黑豆奶饮品,1,1,滞销
维他奶（巧克力味）,11,41,正常
维他柠檬茶,12,169,正常
维他柠檬茶330ml（罐）,2,2,滞销
美年达（罐）,9,133,正常
美汁源果粒橙,6,27,滞销
脉动,12,996,热销
脉动（椰子菠萝口味）,5,9,滞销
脉动（青柠）,9,44,正常
芙蓉王,3,6,滞销
芦荟汁,7,44,滞销
芬达330ml,12,382,正常
茉莉蜜茶,10,83,正常
营养快线,12,805,热销
诗竹竹纤维面巾纸,5,21,滞销
越南LIPO奶味面包干100g,5,11,滞销
迷你纸巾,4,13,滞销
银鹭八宝粥,12,220,正常
阿萨姆奶茶,12,792,正常
阿萨姆煎茶奶绿,6,11,滞销
雀巢咖啡,9,97,正常
雪力矿泉水,5,35,滞销
雪碧,9,38,正常
雪碧330ml,9,173,正常
雪碧最新款,12,309,正常
雪碧（500ml）,12,172,正常
韩国海牌海苔,9,49,正常
顺宝九制梅,6,15,滞销
香脆肠,11,76,正常
香豆干,12,251,正常
鸡爪,3,6,滞销
鸭翅,12,282,正常
