商品,月份出现次数,总销量,标签
100g*5瓶益力多,9,33,正常
100g卫龙点心面黑椒牛排味,2,2,滞销
100g果王咸柑桔罐装,7,14,滞销
100g越南LIPO奶味面包干,1,1,滞销
103g康师傅红烧牛肉面,6,11,滞销
107g出前一丁桶面酱香牛肉王,2,4,滞销
10g卫龙亲嘴烧香辣味,5,16,滞销
10g越南LIPO奶味面包干,1,1,滞销
10g越南LIPO奶味面包干0015,2,2,滞销
110g顺宝九制话梅,10,34,正常
117gUFO炒面铁板色拉鱿鱼风味,4,6,滞销
123gUFO炒面XO酱海鲜风味,6,14,滞销
12g劲仔小鱼卤香味,6,13,滞销
12g劲仔小鱼麻辣味,10,105,正常
12g劲仔小鱼（香辣味）,3,3,滞销
130g果王玉带蚕豆,7,12,滞销
13g无穷烤鸡小腿蜂蜜味,12,158,正常
13g雀巢咖啡1+2特浓,4,5,滞销
145g果王迷你山楂包装,6,10,滞销
145ml旺仔牛奶盒装,11,127,正常
145ml旺仔牛奶罐装,5,11,滞销
148g富甲一方紫薯仔,8,23,滞销
150g健能酸奶原味,8,37,滞销
150g洽洽原香瓜子,9,18,正常
150抽诗竹竹纤维面巾纸,6,15,滞销
160g盼盼手撕面包,10,38,正常
180g统一满汉全席台式半筋半肉牛肉面,6,14,滞销
180ml雀巢咖啡罐装,8,19,滞销
188g澳门永辉鸡仔饼,9,26,正常
205g伊利安慕希原味,10,51,正常
205ml安慕希蓝莓味,3,5,滞销
20g咩咩世界虾味条,3,4,滞销
20g咪咪虾条马来西亚风味,11,184,正常
20g洽洽每日坚果,1,1,滞销
20g马来西亚风味咪咪蟹味粒0219,8,44,滞销
220g宝丰龙龟苓膏,3,4,滞销
225g味之不规则饼干芝士味,10,30,正常
250ML东鹏特饮,7,20,滞销
250ml燕塘原味酸奶,12,134,正常
250ml燕塘甜牛奶,11,129,正常
250ml燕塘红枣牛奶,12,129,正常
250ml王老吉盒装,9,22,正常
250ml红牛,12,119,正常
250ml统一麦香奶茶,8,23,滞销
250ml维他原味豆奶,11,217,正常
250ml维他奶低糖原味,8,26,滞销
250ml维他奶巧克力味,9,53,正常
250ml维他奶黑豆奶饮品,2,3,滞销
250ml维他柠檬茶,11,255,正常
250ml维他椰子味豆奶7716,5,11,滞销
250ml维他椰子植物蛋白饮料,8,11,滞销
250ml维他椰子植物蛋白饮料9374,1,1,滞销
250ml香满楼纯牛奶,3,4,滞销
260g马来西亚进口茱蒂丝口口香饼干,8,26,滞销
268ml雀巢咖啡丝滑拿铁,9,95,正常
2g韩国海牌海苔,10,70,正常
30g元朗小蛋卷,7,31,滞销
30g无穷农场盐_鸡蛋,11,275,正常
32g卫龙亲嘴烧,11,126,正常
32g卫龙亲嘴烧川香味,4,6,滞销
32g卫龙亲嘴烧红烧牛肉味,10,37,正常
330ml伊利畅意乳酸菌原味,10,66,正常
330ml伊利畅意乳酸菌草莓味,2,2,滞销
34g公仔迷你杯牛肉味,6,15,滞销
34g公仔迷你杯风味排骨味,3,5,滞销
37.5g费列罗榛果威化巧克力3颗,10,36,正常
370g泰奇八宝粥,7,22,滞销
40g上好佳日式鱼果,8,20,滞销
40g上好佳田园薯片,2,2,滞销
40g上好佳田园薯片番茄味,3,3,滞销
40g乐事美国经典原味,9,30,正常
40g乐事薯片墨西哥鸡汁番茄味,10,17,正常
40g乐事薯片黄瓜味,10,26,正常
40g卫龙点心面黑椒牛排味,5,7,滞销
40g双汇玉米热狗肠,11,160,正常
40g呀土豆番茄酱味,7,12,滞销
40g呀土豆薯片滋香烤鸡味,9,20,正常
40g盼盼手撕面包,4,4,滞销
430g泰奇八宝粥,11,73,正常
450ml美汁源果粒橙,12,61,正常
45g双汇泡面拍挡,10,38,正常
480ml小茗同学冷泡溜溜哒茶,7,8,滞销
480ml小茗同学冷泡青柠红茶,8,37,滞销
48g好丽友薯愿香烤原味,8,27,滞销
500ML宝矿力,3,4,滞销
500ml农夫果园 (芒果+菠萝+番石榴),7,33,滞销
500ml加多宝,9,52,正常
500ml康师傅冰糖雪梨,9,24,正常
500ml恒大冰泉矿泉水,2,2,滞销
500ml统一冰糖雪梨,4,4,滞销
500ml统一阿萨姆奶茶,11,80,正常
500ml营养快线原味,5,5,滞销
50g上好佳日式鱼果,8,22,滞销
50g上好佳田园薯片番茄味,7,21,滞销
50g双层百力滋奶咖味,5,8,滞销
50g双层百力滋特浓番茄味,4,6,滞销
50g马赛克手撕鱿鱼条,5,8,滞销
52g旺旺仙贝,10,55,正常
55g奥利奥原味夹心饼干,9,28,正常
55g奥利奥原味芝士饼干,10,59,正常
55g奥利奥迷你杯夹心小饼干杯装原味,5,5,滞销
58g丽芝士纳宝帝奶酪威化饼干,11,61,正常
5片装益达绿箭口香糖,9,10,正常
600ml可口可乐,11,57,正常
600ml脉动青柠,9,41,正常
600ml雪碧,10,69,正常
65g卫龙亲嘴豆皮,10,30,正常
68g多力多玉米片爆香热辣味,2,4,滞销
68g好丽友巧克力派2枚,9,37,正常
68g好丽友蛋黄派2枚,7,13,滞销
70g乐事薯片原味,5,14,滞销
70g乐事薯片青柠味,1,1,滞销
70g乐事薯片黄瓜味,7,15,滞销
70g乐事薯片（原味）,2,3,滞销
70g乐事薯片（黄瓜味）,5,11,滞销
70g乖媳妇野山泡椒凤爪,9,53,正常
75g新麦潮天然酵母面包（北海道牛奶风味）,10,54,正常
75g达利园柠檬蛋糕,1,1,滞销
78g卫龙亲嘴语辣条,12,53,正常
78g卫龙亲语,1,1,滞销
78g合味道杯面香菇炖鸡风味,3,4,滞销
80g四洲粟一烧烧烤味,8,29,滞销
80g盼盼手撕面包,2,2,滞销
80g香飘飘椰果奶茶原味,7,16,滞销
80g香飘飘椰果奶茶麦香味,9,17,正常
80g马赛克香蕉片,3,5,滞销
83g汤达人酸辣豚骨拉面,4,7,滞销
85g嘉士利果乐果香夹心饼干蓝莓味,9,49,正常
85g新麦潮北海道吐司,10,121,正常
85g新麦潮手撕面包（提子味）,12,104,正常
85g统一老坛酸菜牛肉面,11,105,正常
86g合味道浓猪骨味,9,20,正常
86g合味道海鲜风味,11,111,正常
91g徐福记凤梨酥,9,35,正常
上好佳田园薯片,6,10,滞销
东鹏特饮,12,525,热销
丽芝士纳宝帝奶酪威化饼干,10,27,正常
乐事薯片（青柠）,2,3,滞销
乐事薯片（黄瓜味）,7,19,滞销
乐虎,8,31,滞销
乐虎（380ml）,6,6,滞销
乖媳妇野山椒风爪,3,3,滞销
伊利优酸乳,12,258,正常
伊利纯牛奶,11,127,正常
优益C活菌型乳酸菌饮品,2,2,滞销
健能酸奶,2,2,滞销
农夫果园,5,7,滞销
冰糖雪梨,11,59,正常
冰红茶（罐）,5,10,滞销
凤爪,8,19,滞销
利群（硬）,1,1,滞销
加多宝,5,10,滞销
劲仔小鱼,1,1,滞销
劲仔小鱼（卤香味）,8,13,滞销
劲仔小鱼（香辣味）,1,1,滞销
劲仔小鱼（麻辣味）,10,21,正常
卫龙亲嘴烧红烧牛肉味,6,11,滞销
卫龙亲嘴烧麦辣鸡汁味,5,6,滞销
卫龙大面筋,12,221,正常
印尼芝士威化饼干,10,40,正常
双汇玉米热狗肠,10,39,正常
口味王槟榔（红）,7,43,滞销
口味王槟榔（绿色）,3,3,滞销
口味王槟榔（绿）,10,71,正常
可乐可乐,10,29,正常
可口可乐330ml,12,219,正常
可口可乐330ml（罐）,2,3,滞销
可口可乐最新款,11,125,正常
可口可乐（500ml）,11,60,正常
合味道（浓猪骨）,1,1,滞销
合味道（海鲜风味）,8,33,滞销
味之不规则饼干（番茄味）,1,1,滞销
味之不规则饼干（芝士味）,8,15,滞销
和成天下（红）,1,1,滞销
和成天下（黄）,5,8,滞销
咪咪,2,2,滞销
咪咪虾条马来西亚风味,11,75,正常
商品14,1,1,滞销
商品2,2,3,滞销
商品21,1,1,滞销
商品36,1,1,滞销
四洲粟一烧烧烤味,4,4,滞销
多力多滋（热辣味）,2,2,滞销
多芙利香草奶油味蛋糕,1,1,滞销
天地一号,3,3,滞销
奥利奥原味芝士,7,19,滞销
好吃点,10,23,正常
好吃点小饼干,11,38,正常
娃哈哈红枣酸奶,2,2,滞销
安慕希酸奶,2,4,滞销
小糖衣血糖仪,2,5,滞销
小茗同学,6,12,滞销
小茗同学冷泡茶（乳酸菌味）,3,5,滞销
小茗同学（青柠红茶）,2,3,滞销
小鱼仔,12,116,正常
尖叫,8,22,滞销
康师傅矿泉水,9,24,正常
怡宝,8,182,滞销
怡宝矿泉水,5,7,滞销
怡宝纯净水,12,999,热销
手撕素肉排,8,19,滞销
拿铁咖啡（统一）,1,2,滞销
新麦潮北海道吐司,1,2,滞销
新麦潮天然酵母面包（牛奶风味）,6,7,滞销
新麦潮天然酵母面包（良品铺子）,2,2,滞销
新麦潮手撕面包（提子味）,1,1,滞销
无穷农场盐_鸡蛋,10,39,正常
无穷烤鸡小腿（蜂蜜）,7,15,滞销
日式鱼果,8,27,滞销
旺仔牛奶,8,12,滞销
旺仔牛奶145ml,9,16,正常
果粒橙,12,328,正常
椰树牌椰汁,7,24,滞销
汤达人方便面,2,3,滞销
泰奇八宝粥,8,18,滞销
湘潭铺子(羽泉版),5,14,滞销
熊字饼,11,90,正常
燕塘原味酸奶,9,29,正常
燕塘甜牛奶,8,21,滞销
燕塘红枣牛奶,7,16,滞销
王老吉（500ml）,12,238,正常
王老吉（罐）,12,402,正常
珠江纯生啤酒,3,5,滞销
百事可乐330ml,2,2,滞销
百事可乐500ml,7,15,滞销
益力多100g*5瓶,3,4,滞销
盼盼手撕面包,5,6,滞销
红牛,12,231,正常
统一冰红茶,12,394,正常
统一来一桶香辣老坛酸菜牛肉面,10,29,正常
统一绿茶,12,246,正常
统一阿萨姆奶茶,6,12,滞销
维他原味豆奶,10,39,正常
维他奶,10,79,正常
维他奶黑豆奶饮品,1,2,滞销
维他奶（巧克力味）,6,10,滞销
维他柠檬茶,12,73,正常
维他柠檬茶330ml（罐）,6,13,滞销
美年达（罐）,4,7,滞销
美汁源果粒橙,10,26,正常
脉动,12,759,热销
脉动（椰子菠萝口味）,2,2,滞销
脉动（青柠）,8,18,滞销
芙蓉王,9,34,正常
芦荟汁,1,1,滞销
芬达330ml,12,271,正常
茉莉蜜茶,11,70,正常
营养快线,12,435,正常
诗竹竹纤维面巾纸,8,21,滞销
越南LIPO奶味面包干100g,4,8,滞销
迷你纸巾,7,10,滞销
银鹭八宝粥,11,166,正常
阿萨姆奶茶,12,456,正常
阿萨姆煎茶奶绿,10,76,正常
雀巢咖啡,8,30,滞销
雪力矿泉水,2,2,滞销
雪碧,6,8,滞销
雪碧330ml,11,70,正常
雪碧最新款,12,259,正常
雪碧（500ml）,11,82,正常
韩国海牌海苔,8,17,滞销
顺宝九制梅,4,7,滞销
香脆肠,10,65,正常
香豆干,12,115,正常
鸡爪,4,6,滞销
鸭翅,12,171,正常
