商品,月份出现次数,总销量,标签
100g*5瓶益力多,8,42,正常
100g卫龙点心面黑椒牛排味,5,5,滞销
100g果王咸柑桔罐装,5,8,滞销
103g康师傅红烧牛肉面,6,10,滞销
107g出前一丁桶面酱香牛肉王,2,3,滞销
10g卫龙亲嘴烧香辣味,10,61,正常
110g顺宝九制话梅,9,38,正常
117gUFO炒面铁板色拉鱿鱼风味,4,4,滞销
12g劲仔小鱼卤香味,9,16,正常
12g劲仔小鱼麻辣味,11,100,正常
12g劲仔小鱼（香辣味）,1,1,滞销
130g果王玉带蚕豆,6,7,滞销
13g无穷烤鸡小腿蜂蜜味,11,168,正常
13g雀巢咖啡1+2特浓,2,3,滞销
145g果王迷你山楂包装,6,14,滞销
145ml旺仔牛奶盒装,10,172,正常
145ml旺仔牛奶罐装,2,3,滞销
148g富甲一方紫薯仔,9,34,正常
150g健能酸奶原味,7,35,滞销
150g洽洽原香瓜子,6,21,滞销
150抽诗竹竹纤维面巾纸,2,3,滞销
160g盼盼手撕面包,9,46,正常
180g统一满汉全席台式半筋半肉牛肉面,6,12,滞销
180ml雀巢咖啡罐装,7,22,滞销
188g澳门永辉鸡仔饼,6,13,滞销
200g喜之郎/什锦果肉,1,1,滞销
205g伊利安慕希原味,11,66,正常
205ml安慕希蓝莓味,4,5,滞销
20g咪咪虾条马来西亚风味,12,149,正常
20g士力架,1,1,滞销
20g马来西亚风味咪咪蟹味粒0219,8,30,正常
220g宝丰龙龟苓膏,3,10,滞销
220g宝丰龙龟苓膏绿豆味,1,1,滞销
220g宝丰龙龟苓膏菊花味,1,1,滞销
225g味之不规则饼干芝士味,9,19,正常
250ML东鹏特饮,8,27,正常
250ml燕塘原味酸奶,11,130,正常
250ml燕塘甜牛奶,11,131,正常
250ml燕塘红枣牛奶,11,114,正常
250ml王老吉盒装,8,21,正常
250ml红牛,9,99,正常
250ml统一麦香奶茶,8,14,正常
250ml维他原味豆奶,12,229,正常
250ml维他奶低糖原味,5,18,滞销
250ml维他奶巧克力味,10,95,正常
250ml维他奶黑豆奶饮品,7,12,滞销
250ml维他柠檬茶,11,236,正常
250ml维他椰子植物蛋白饮料,2,6,滞销
250ml维他椰子植物蛋白饮料9374,1,1,滞销
250ml香满楼纯牛奶,2,2,滞销
260g马来西亚进口茱蒂丝口口香饼干,8,18,正常
268ml雀巢咖啡丝滑拿铁,9,94,正常
2g韩国海牌海苔,10,65,正常
30g元朗小蛋卷,7,20,滞销
30g无穷农场盐_鸡蛋,11,243,正常
32g卫龙亲嘴烧,11,85,正常
32g卫龙亲嘴烧川香味,6,12,滞销
32g卫龙亲嘴烧红烧牛肉味,7,47,滞销
330ml伊利畅意乳酸菌原味,11,93,正常
330ml伊利畅意乳酸菌草莓味,2,2,滞销
340ml蒙牛优益C乳酸菌,3,5,滞销
34g公仔迷你杯牛肉味,6,13,滞销
34g公仔迷你杯风味排骨味,4,5,滞销
37.5g费列罗榛果威化巧克力3颗,7,10,滞销
370g泰奇八宝粥,8,20,正常
40g上好佳日式鱼果,8,17,正常
40g上好佳田园薯片番茄味,1,1,滞销
40g乐事美国经典原味,9,24,正常
40g乐事薯片墨西哥鸡汁番茄味,6,12,滞销
40g乐事薯片黄瓜味,8,22,正常
40g卫龙点心面黑椒牛排味,2,5,滞销
40g双汇玉米热狗肠,12,193,正常
40g呀土豆番茄酱味,8,23,正常
40g呀土豆薯片滋香烤鸡味,7,26,滞销
430g泰奇八宝粥,9,81,正常
450ml美汁源果粒橙,10,87,正常
45g双汇泡面拍挡,10,55,正常
480ml小茗同学冷泡溜溜哒茶,2,4,滞销
480ml小茗同学冷泡青柠红茶,8,39,正常
48g好丽友薯愿香烤原味,7,18,滞销
500ML宝矿力,5,7,滞销
500ml农夫果园 (芒果+菠萝+番石榴),11,25,正常
500ml加多宝,11,40,正常
500ml康师傅冰糖雪梨,6,13,滞销
500ml恒大冰泉矿泉水,1,1,滞销
500ml统一冰糖雪梨,2,2,滞销
500ml统一阿萨姆奶茶,12,78,正常
500ml营养快线原味,6,14,滞销
50g上好佳日式鱼果,7,14,滞销
50g上好佳田园薯片番茄味,8,32,正常
50g双层百力滋奶咖味,2,2,滞销
50g双层百力滋特浓番茄味,2,2,滞销
50g马赛克手撕鱿鱼条,8,14,正常
52g旺旺仙贝,8,31,正常
55g奥利奥原味夹心饼干,7,17,滞销
55g奥利奥原味芝士饼干,9,46,正常
55g奥利奥迷你杯夹心小饼干杯装原味,3,3,滞销
58g丽芝士纳宝帝奶酪威化饼干,10,62,正常
5片装益达绿箭口香糖,9,14,正常
600ml可口可乐,11,87,正常
600ml脉动青柠,9,38,正常
600ml雪碧,11,51,正常
65g卫龙亲嘴豆皮,7,29,滞销
68g多力多玉米片爆香热辣味,4,5,滞销
68g好丽友巧克力派2枚,9,33,正常
68g好丽友蛋黄派2枚,5,9,滞销
70g乐事薯片原味,7,12,滞销
70g乐事薯片黄瓜味,8,29,正常
70g乐事薯片（原味）,6,9,滞销
70g乐事薯片（黄瓜味）,6,13,滞销
70g乖媳妇野山泡椒凤爪,9,61,正常
75g新麦潮天然酵母面包（北海道牛奶风味）,11,68,正常
78g卫龙亲嘴语辣条,10,69,正常
78g合味道杯面香菇炖鸡风味,4,5,滞销
80g四洲粟一烧烧烤味,9,31,正常
80g盼盼手撕面包,2,2,滞销
80g香飘飘椰果奶茶原味,6,17,滞销
80g香飘飘椰果奶茶麦香味,9,13,正常
80g马赛克香蕉片,6,13,滞销
83g汤达人酸辣豚骨拉面,2,2,滞销
85g嘉士利果乐果香夹心饼干蓝莓味,10,51,正常
85g新麦潮北海道吐司,11,124,正常
85g新麦潮手撕面包（提子味）,11,117,正常
85g统一老坛酸菜牛肉面,11,99,正常
86g合味道浓猪骨味,8,11,正常
86g合味道海鲜风味,11,107,正常
90g顺宝九制杨梅,1,1,滞销
91g徐福记凤梨酥,8,35,正常
上好佳田园薯片,4,10,滞销
东鹏特饮,12,488,正常
丽芝士纳宝帝奶酪威化饼干,4,11,滞销
乐事薯片（青柠）,2,2,滞销
乐事薯片（黄瓜味）,3,4,滞销
乐虎,4,8,滞销
乐虎（380ml）,6,12,滞销
乖媳妇野山椒风爪,1,1,滞销
伊利优酸乳,12,179,正常
伊利纯牛奶,12,175,正常
优益C活菌型乳酸菌饮品,3,5,滞销
健能酸奶,5,8,滞销
农夫果园,2,4,滞销
冰糖雪梨,9,59,正常
冰红茶（罐）,4,6,滞销
凤爪,10,21,正常
利群（硬）,2,2,滞销
加多宝,4,6,滞销
劲仔小鱼（卤香味）,5,9,滞销
劲仔小鱼（麻辣味）,4,5,滞销
卫龙亲嘴烧红烧牛肉味,2,8,滞销
卫龙亲嘴烧麦辣鸡汁味,3,4,滞销
卫龙大面筋,12,193,正常
印尼芝士威化饼干,9,32,正常
双汇玉米热狗肠,7,23,滞销
口味王槟榔（红）,10,31,正常
口味王槟榔（绿色）,1,2,滞销
口味王槟榔（绿）,12,94,正常
可乐可乐,9,15,正常
可口可乐330ml,12,212,正常
可口可乐330ml（罐）,3,6,滞销
可口可乐最新款,11,116,正常
可口可乐（500ml）,9,57,正常
合味道（浓猪骨）,1,1,滞销
合味道（海鲜风味）,7,11,滞销
味之不规则饼干（芝士味）,3,3,滞销
和成天下（黄）,1,1,滞销
咪咪,6,19,滞销
咪咪虾条马来西亚风味,8,25,正常
商品1,1,2,滞销
商品14,1,1,滞销
商品2,1,2,滞销
四洲粟一烧烧烤味,2,5,滞销
多芙利香草奶油味蛋糕,2,2,滞销
天地一号,4,8,滞销
奥利奥原味芝士,4,7,滞销
好吃点,7,13,滞销
好吃点小饼干,8,35,正常
威化饼干,2,2,滞销
娃哈哈红枣酸奶,1,1,滞销
安慕希酸奶,8,11,正常
小糖衣血糖仪,1,3,滞销
小糖衣血糖试纸,1,1,滞销
小茗同学,1,2,滞销
小茗同学冷泡茶（乳酸菌味）,1,1,滞销
小茗同学（青柠红茶）,2,2,滞销
小鱼仔,11,146,正常
尖叫,6,15,滞销
巧克力奶油味蛋糕,3,3,滞销
康师傅拉面(袋),1,1,滞销
康师傅矿泉水,6,17,滞销
怡宝,7,38,滞销
怡宝矿泉水,3,3,滞销
怡宝纯净水,12,1342,热销
手撕素肉排,9,21,正常
拿铁咖啡（统一）,1,1,滞销
新麦潮北海道吐司,1,1,滞销
新麦潮天然酵母面包（牛奶风味）,2,4,滞销
新麦潮手撕面包（提子味）,1,1,滞销
无穷农场盐_鸡蛋,5,12,滞销
无穷烤鸡小腿,1,1,滞销
无穷烤鸡小腿（蜂蜜）,7,22,滞销
日式鱼果,1,2,滞销
旺仔牛奶,4,6,滞销
旺仔牛奶145ml,4,4,滞销
果粒橙,12,245,正常
椰树牌椰汁,9,17,正常
每日特惠,1,1,滞销
汤达人方便面,1,1,滞销
汤达人桶面,1,1,滞销
泰奇八宝粥,4,11,滞销
湘潭铺子(羽泉版),8,15,正常
熊字饼,10,112,正常
燕塘原味酸奶,4,4,滞销
燕塘甜牛奶,6,11,滞销
燕塘红枣牛奶,4,9,滞销
王老吉（500ml）,12,310,正常
王老吉（罐）,11,201,正常
珠江纯生啤酒,2,4,滞销
百事可乐330ml,3,4,滞销
百事可乐500ml,11,102,正常
益力多100g*5瓶,3,8,滞销
盼盼手撕面包,2,2,滞销
立体声耳机（象牙白）,1,1,滞销
红牛,12,198,正常
经典奶茶,4,12,滞销
统一冰红茶,12,334,正常
统一来一桶香辣老坛酸菜牛肉面,4,4,滞销
统一绿茶,12,209,正常
统一阿萨姆奶茶,4,6,滞销
维他原味豆奶,7,17,滞销
维他奶,12,93,正常
维他奶（巧克力味）,2,4,滞销
维他柠檬茶,10,79,正常
维他柠檬茶330ml（罐）,2,3,滞销
美年达（罐）,6,22,滞销
美汁源果粒橙,7,13,滞销
脉动,12,431,正常
脉动（椰子菠萝口味）,1,1,滞销
脉动（青柠）,5,9,滞销
芙蓉王,8,43,正常
芦荟汁,2,5,滞销
芬达330ml,11,198,正常
茉莉蜜茶,10,35,正常
营养快线,12,425,正常
诗竹竹纤维面巾纸,8,12,正常
越南LIPO奶味面包干100g,2,2,滞销
迷你纸巾,4,8,滞销
银鹭八宝粥,12,120,正常
阿萨姆奶茶,12,457,正常
阿萨姆煎茶奶绿,7,19,滞销
雀巢咖啡,9,33,正常
雪力矿泉水,4,7,滞销
雪碧,1,3,滞销
雪碧330ml,12,103,正常
雪碧最新款,11,139,正常
雪碧（500ml）,12,137,正常
韩国海牌海苔,4,6,滞销
顺宝九制梅,2,2,滞销
香脆肠,11,63,正常
香豆干,12,194,正常
鸡爪,4,11,滞销
鸭翅,11,204,正常
