商品,月份出现次数,总销量,月销量,标签
怡宝纯净水,12,531,44.0,热销
东鹏特饮,12,448,37.0,热销
阿萨姆奶茶,12,326,27.0,热销
脉动,12,309,26.0,热销
30g无穷农场盐_鸡蛋,12,264,22.0,正常
营养快线,12,255,21.0,正常
统一冰红茶,12,228,19.0,正常
13g无穷烤鸡小腿蜂蜜味,11,201,18.0,正常
40g双汇玉米热狗肠,11,182,17.0,正常
250ml维他柠檬茶,11,181,16.0,正常
250ml维他原味豆奶,11,176,16.0,正常
20g咪咪虾条马来西亚风味,11,169,15.0,正常
红牛,11,166,15.0,正常
鸭翅,11,152,14.0,正常
32g卫龙亲嘴烧,11,151,14.0,正常
卫龙大面筋,12,151,13.0,正常
统一绿茶,12,151,13.0,正常
果粒橙,12,145,12.0,正常
伊利优酸乳,12,143,12.0,正常
145ml旺仔牛奶盒装,11,131,12.0,正常
250ml燕塘红枣牛奶,11,128,12.0,正常
250ml燕塘甜牛奶,11,126,11.0,正常
香豆干,12,124,10.0,正常
雪碧（500ml）,12,123,10.0,正常
小鱼仔,12,114,10.0,正常
250ml燕塘原味酸奶,10,112,11.0,正常
86g合味道海鲜风味,9,109,12.0,正常
王老吉（500ml）,12,108,9.0,正常
银鹭八宝粥,12,103,9.0,正常
12g劲仔小鱼麻辣味,11,103,9.0,正常
可口可乐（500ml）,12,101,8.0,正常
85g新麦潮北海道吐司,11,100,9.0,正常
85g统一老坛酸菜牛肉面,10,99,10.0,正常
268ml雀巢咖啡丝滑拿铁,11,91,8.0,正常
伊利纯牛奶,12,90,8.0,正常
85g新麦潮手撕面包（提子味）,11,81,7.0,正常
雪碧最新款,10,78,8.0,正常
70g乖媳妇野山泡椒凤爪,11,77,7.0,正常
32g卫龙亲嘴烧红烧牛肉味,11,75,7.0,正常
330ml伊利畅意乳酸菌原味,10,74,7.0,正常
250ml红牛,10,71,7.0,正常
450ml美汁源果粒橙,10,69,7.0,正常
250ml维他奶巧克力味,10,69,7.0,正常
78g卫龙亲嘴语辣条,10,69,7.0,正常
王老吉（罐）,10,68,7.0,正常
雪碧330ml,8,67,8.0,正常
430g泰奇八宝粥,11,66,6.0,正常
500ml统一阿萨姆奶茶,11,65,6.0,正常
维他奶,10,62,6.0,正常
口味王槟榔（绿）,10,60,6.0,正常
维他柠檬茶,12,58,5.0,正常
可口可乐最新款,10,55,6.0,正常
58g丽芝士纳宝帝奶酪威化饼干,10,55,6.0,正常
怡宝,8,55,7.0,正常
45g双汇泡面拍挡,11,54,5.0,正常
可口可乐330ml,12,54,4.0,正常
40g乐事薯片黄瓜味,9,53,6.0,正常
205g伊利安慕希原味,10,53,5.0,正常
600ml脉动青柠,11,51,5.0,正常
55g奥利奥原味芝士饼干,10,50,5.0,正常
2g韩国海牌海苔,9,50,6.0,正常
52g旺旺仙贝,9,50,6.0,正常
75g新麦潮天然酵母面包（北海道牛奶风味）,10,48,5.0,正常
熊字饼,11,47,4.0,正常
芬达330ml,9,47,5.0,正常
卫龙亲嘴烧红烧牛肉味,11,45,4.0,正常
500ml加多宝,10,44,4.0,正常
600ml可口可乐,10,43,4.0,正常
茉莉蜜茶,10,42,4.0,正常
110g顺宝九制话梅,10,41,4.0,正常
600ml雪碧,9,40,4.0,正常
100g*5瓶益力多,10,40,4.0,正常
85g嘉士利果乐果香夹心饼干蓝莓味,8,40,5.0,正常
咪咪虾条马来西亚风味,9,40,4.0,正常
80g四洲粟一烧烧烤味,9,39,4.0,正常
冰糖雪梨,11,39,4.0,正常
148g富甲一方紫薯仔,11,39,4.0,正常
91g徐福记凤梨酥,10,36,4.0,正常
480ml小茗同学冷泡青柠红茶,8,36,4.0,正常
无穷农场盐_鸡蛋,8,34,4.0,正常
雀巢咖啡,10,34,3.0,正常
香脆肠,9,32,4.0,正常
500ml农夫果园 (芒果+菠萝+番石榴),10,31,3.0,正常
40g乐事美国经典原味,8,30,4.0,正常
口味王槟榔（红）,11,30,3.0,正常
50g上好佳日式鱼果,11,30,3.0,正常
雪力矿泉水,7,29,4.0,正常
65g卫龙亲嘴豆皮,8,28,4.0,正常
160g盼盼手撕面包,8,28,4.0,正常
48g好丽友薯愿香烤原味,8,28,4.0,正常
150g健能酸奶原味,10,28,3.0,正常
68g好丽友巧克力派2枚,7,27,4.0,正常
30g元朗小蛋卷,8,27,3.0,正常
印尼芝士威化饼干,8,26,3.0,正常
250ml维他奶低糖原味,7,25,4.0,正常
手撕素肉排,9,25,3.0,正常
百事可乐500ml,6,25,4.0,滞销
10g卫龙亲嘴烧香辣味,8,25,3.0,正常
40g呀土豆薯片滋香烤鸡味,9,25,3.0,正常
370g泰奇八宝粥,9,24,3.0,正常
70g乐事薯片黄瓜味,10,24,2.0,正常
好吃点小饼干,7,24,3.0,正常
37.5g费列罗榛果威化巧克力3颗,7,23,3.0,正常
20g马来西亚风味咪咪蟹味粒0219,8,23,3.0,正常
180ml雀巢咖啡罐装,6,22,4.0,滞销
无穷烤鸡小腿（蜂蜜）,9,22,2.0,正常
250ml王老吉盒装,8,22,3.0,正常
阿萨姆煎茶奶绿,8,20,2.0,正常
芙蓉王,8,20,2.0,正常
40g呀土豆番茄酱味,8,20,2.0,正常
12g劲仔小鱼卤香味,7,20,3.0,正常
50g马赛克手撕鱿鱼条,6,20,3.0,滞销
225g味之不规则饼干芝士味,9,20,2.0,正常
100g果王咸柑桔罐装,7,20,3.0,正常
康师傅矿泉水,6,19,3.0,滞销
尖叫,8,19,2.0,正常
86g合味道浓猪骨味,8,19,2.0,正常
双汇玉米热狗肠,5,19,4.0,滞销
美年达（罐）,7,19,3.0,正常
小糖衣血糖仪,3,18,6.0,滞销
湘潭铺子(羽泉版),6,18,3.0,滞销
50g上好佳田园薯片番茄味,7,18,3.0,正常
优益C活菌型乳酸菌饮品,8,17,2.0,正常
新麦潮天然酵母面包,6,17,3.0,滞销
诗竹竹纤维面巾纸,9,16,2.0,正常
80g马赛克香蕉片,7,16,2.0,正常
250ML东鹏特饮,8,16,2.0,正常
250ml统一麦香奶茶,8,16,2.0,正常
椰树牌椰汁,8,16,2.0,正常
百事可乐330ml,6,15,2.0,滞销
68g好丽友蛋黄派2枚,7,15,2.0,正常
旺仔牛奶,8,15,2.0,正常
103g康师傅红烧牛肉面,9,15,2.0,正常
统一来一桶香辣老坛酸菜牛肉面,7,14,2.0,正常
好吃点,5,14,3.0,滞销
55g奥利奥原味夹心饼干,7,14,2.0,正常
卫龙亲嘴烧麦辣鸡汁味,7,14,2.0,正常
80g香飘飘椰果奶茶原味,7,14,2.0,正常
可乐可乐,7,13,2.0,正常
农夫果园,5,13,3.0,滞销
80g香飘飘椰果奶茶麦香味,6,13,2.0,滞销
日式鱼果,6,13,2.0,滞销
40g乐事薯片墨西哥鸡汁番茄味,5,12,2.0,滞销
107g出前一丁桶面酱香牛肉王,7,12,2.0,正常
韩国海牌海苔,5,12,2.0,滞销
怡宝矿泉水,3,11,4.0,滞销
150g洽洽原香瓜子,9,11,1.0,正常
燕塘红枣牛奶,6,11,2.0,滞销
250ml维他奶黑豆奶饮品,6,11,2.0,滞销
188g澳门永辉鸡仔饼,6,11,2.0,滞销
泰奇八宝粥,8,11,1.0,正常
四洲粟一烧烧烤味,6,11,2.0,滞销
乐虎,5,11,2.0,滞销
70g乐事薯片（黄瓜味）,7,11,2.0,正常
5片装益达绿箭口香糖,4,11,3.0,滞销
34g公仔迷你杯牛肉味,5,11,2.0,滞销
40g上好佳日式鱼果,8,10,1.0,正常
劲仔小鱼（卤香味）,6,10,2.0,滞销
劲仔小鱼,6,10,2.0,滞销
维他原味豆奶,6,10,2.0,滞销
新麦潮天然酵母面包（牛奶风味）,5,9,2.0,滞销
150抽诗竹竹纤维面巾纸,6,9,2.0,滞销
凤爪,4,9,2.0,滞销
鸡爪,4,9,2.0,滞销
50g双层百力滋特浓番茄味,6,9,2.0,滞销
70g乐事薯片原味,6,9,2.0,滞销
劲仔小鱼（麻辣味）,6,9,2.0,滞销
40g卫龙点心面黑椒牛排味,6,8,1.0,滞销
奥利奥原味芝士,6,8,1.0,滞销
美汁源果粒橙,5,8,2.0,滞销
咪咪,3,8,3.0,滞销
32g卫龙亲嘴烧川香味,4,8,2.0,滞销
250ml维他椰子植物蛋白饮料,5,8,2.0,滞销
260g马来西亚进口茱蒂丝口口香饼干,6,8,1.0,滞销
雪碧,7,8,1.0,正常
205ml安慕希蓝莓味,6,7,1.0,滞销
维他奶黑豆奶饮品,4,7,2.0,滞销
50g双层百力滋奶咖味,6,7,1.0,滞销
丽芝士纳宝帝奶酪威化饼干,5,7,1.0,滞销
燕塘甜牛奶,5,7,1.0,滞销
480ml小茗同学冷泡溜溜哒茶,5,7,1.0,滞销
盼盼手撕面包,5,7,1.0,滞销
益力多100g*5瓶,2,7,4.0,滞销
55g奥利奥迷你杯夹心小饼干杯装原味,6,7,1.0,滞销
统一阿萨姆奶茶,4,7,2.0,滞销
68g多力多玉米片爆香热辣味,4,7,2.0,滞销
70g乐事薯片（原味）,4,6,2.0,滞销
100g卫龙点心面黑椒牛排味,5,6,1.0,滞销
小茗同学,4,6,2.0,滞销
燕塘原味酸奶,4,6,2.0,滞销
冰红茶（罐）,3,6,2.0,滞销
上好佳田园薯片,4,6,2.0,滞销
250ml维他椰子植物蛋白饮料9374,4,6,2.0,滞销
多芙利香草奶油味蛋糕,5,6,1.0,滞销
500ml营养快线原味,5,6,1.0,滞销
180g统一满汉全席台式半筋半肉牛肉面,3,6,2.0,滞销
10g越南LIPO奶味面包干,4,5,1.0,滞销
40g上好佳田园薯片番茄味,4,5,1.0,滞销
新麦潮手撕面包（提子味）,4,5,1.0,滞销
乐虎（380ml）,4,5,1.0,滞销
可口可乐330ml（罐）,3,5,2.0,滞销
117gUFO炒面铁板色拉鱿鱼风味,4,5,1.0,滞销
合味道（浓猪骨）,3,5,2.0,滞销
20g士力架,5,5,1.0,滞销
脉动（青柠）,4,5,1.0,滞销
130g果王玉带蚕豆,5,5,1.0,滞销
越南LIPO奶味面包干100g,4,4,1.0,滞销
红利群（硬）,4,4,1.0,滞销
经典奶茶,4,4,1.0,滞销
500ML宝矿力,3,4,1.0,滞销
10g越南LIPO奶味面包干0015,3,4,1.0,滞销
500ml统一冰糖雪梨,3,4,1.0,滞销
维他奶（巧克力味）,4,4,1.0,滞销
500ml康师傅冰糖雪梨,3,4,1.0,滞销
13g雀巢咖啡1+2特浓,2,4,2.0,滞销
加多宝,4,4,1.0,滞销
83g汤达人酸辣豚骨拉面,3,4,1.0,滞销
合味道（海鲜风味）,4,4,1.0,滞销
商品2,3,4,1.0,滞销
78g合味道杯面香菇炖鸡风味,2,4,2.0,滞销
新麦潮北海道吐司,3,4,1.0,滞销
天地一号,1,4,4.0,滞销
威化饼干,3,4,1.0,滞销
145g果王迷你山楂包装,3,4,1.0,滞销
旺仔牛奶145ml,2,3,2.0,滞销
20g咩咩世界虾味条,2,3,2.0,滞销
维他柠檬茶330ml（罐）,3,3,1.0,滞销
500ml恒大冰泉矿泉水,3,3,1.0,滞销
珠江纯生啤酒,2,3,2.0,滞销
拿铁咖啡（统一）,1,3,3.0,滞销
220g宝丰龙龟苓膏菊花味,2,2,1.0,滞销
乐事薯片（青柠）,2,2,1.0,滞销
口味王槟榔（绿色）,2,2,1.0,滞销
56g益达无糖口香糖,2,2,1.0,滞销
商品1,2,2,1.0,滞销
健能酸奶,1,2,2.0,滞销
58.5g钙芝奶酪味高钙威化饼干,2,2,1.0,滞销
123gUFO炒面XO酱海鲜风味,1,2,2.0,滞销
145ml旺仔牛奶罐装,2,2,1.0,滞销
14g德芙巧克力,2,2,1.0,滞销
汤达人方便面,1,2,2.0,滞销
220g宝丰龙龟苓膏,1,2,2.0,滞销
娃哈哈红枣酸奶,2,2,1.0,滞销
安慕希酸奶,1,2,2.0,滞销
250ml香满楼纯牛奶,2,2,1.0,滞销
劲仔小鱼（香辣味）,2,2,1.0,滞销
劲仔小鱼（酱汁味）,2,2,1.0,滞销
10g越南LIPO奶味面包干0046,1,2,2.0,滞销
巧克力奶油味蛋糕,2,2,1.0,滞销
乐事薯片（黄瓜味）,1,1,1.0,滞销
新麦潮天然酵母面包（良品铺子）,1,1,1.0,滞销
60g湖湘贡手撕鸭脖原味,1,1,1.0,滞销
100g越南LIPO奶味面包干,1,1,1.0,滞销
182g徐福记凤梨酥,1,1,1.0,滞销
越南LIPO奶味面包干10g,1,1,1.0,滞销
80g粤光宝盒芒果干,1,1,1.0,滞销
钙芝奶酪味高钙威化饼干,1,1,1.0,滞销
20g洽洽每日坚果,1,1,1.0,滞销
味之不规则饼干（芝士味）,1,1,1.0,滞销
贡美苹果数据线,1,1,1.0,滞销
贡美忆江南充电宝5000mAh,1,1,1.0,滞销
40g盼盼手撕面包,1,1,1.0,滞销
和成天下（黄）,1,1,1.0,滞销
65g格力高百力滋饼干巧克力味,1,1,1.0,滞销
芦荟汁,1,1,1.0,滞销
脉动（椰子菠萝口味）,1,1,1.0,滞销
70g乐事薯片青柠味,1,1,1.0,滞销
34g公仔迷你杯风味排骨味,1,1,1.0,滞销
多力多滋（热辣味）,1,1,1.0,滞销
小糖衣血糖试纸,1,1,1.0,滞销
小茗同学冷泡茶（乳酸菌味）,1,1,1.0,滞销
120g达利园蔓越莓提子面包,1,1,1.0,滞销
康师傅拉面(袋),1,1,1.0,滞销
78g卫龙亲语,1,1,1.0,滞销
