商品,月份出现次数,总销量,标签
100g*5瓶益力多,8,25,正常
100g卫龙点心面黑椒牛排味,2,3,滞销
100g果王咸柑桔罐装,7,9,滞销
103g康师傅红烧牛肉面,8,16,正常
107g出前一丁桶面酱香牛肉王,2,3,滞销
10g卫龙亲嘴烧香辣味,10,54,正常
10g越南LIPO奶味面包干0046,1,1,滞销
110g顺宝九制话梅,9,14,正常
117gUFO炒面铁板色拉鱿鱼风味,2,3,滞销
123gUFO炒面XO酱海鲜风味,2,3,滞销
12g劲仔小鱼卤香味,6,12,正常
12g劲仔小鱼麻辣味,11,59,正常
13g无穷烤鸡小腿蜂蜜味,11,111,正常
145g果王迷你山楂包装,6,7,滞销
145ml旺仔牛奶盒装,9,81,正常
145ml旺仔牛奶罐装,1,1,滞销
148g富甲一方紫薯仔,10,25,正常
150g健能酸奶原味,8,31,正常
150g洽洽原香瓜子,7,11,滞销
150抽诗竹竹纤维面巾纸,3,3,滞销
160g盼盼手撕面包,7,18,正常
180g统一满汉全席台式半筋半肉牛肉面,4,5,滞销
180ml雀巢咖啡罐装,8,28,正常
205g伊利安慕希原味,9,33,正常
205ml安慕希蓝莓味,2,2,滞销
20g咪咪虾条马来西亚风味,10,124,正常
20g马来西亚风味咪咪蟹味粒0219,8,32,正常
220g宝丰龙龟苓膏,7,13,正常
225g味之不规则饼干芝士味,4,9,滞销
250ML东鹏特饮,8,25,正常
250ml燕塘原味酸奶,12,72,正常
250ml燕塘甜牛奶,10,77,正常
250ml燕塘红枣牛奶,11,64,正常
250ml王老吉盒装,8,12,正常
250ml红牛,10,68,正常
250ml统一麦香奶茶,2,2,滞销
250ml维他原味豆奶,12,96,正常
250ml维他奶低糖原味,7,9,滞销
250ml维他奶巧克力味,9,29,正常
250ml维他奶黑豆奶饮品,2,3,滞销
250ml维他柠檬茶,11,109,正常
250ml维他椰子味豆奶7716,2,2,滞销
250ml维他椰子植物蛋白饮料,2,2,滞销
250ml维他椰子植物蛋白饮料9374,1,1,滞销
250ml香满楼纯牛奶,1,1,滞销
260g马来西亚进口茱蒂丝口口香饼干,5,5,滞销
268ml雀巢咖啡丝滑拿铁,9,53,正常
2g韩国海牌海苔,10,48,正常
30g元朗小蛋卷,7,9,滞销
30g无穷农场盐_鸡蛋,11,192,正常
32g卫龙亲嘴烧,11,80,正常
32g卫龙亲嘴烧川香味,2,3,滞销
32g卫龙亲嘴烧红烧牛肉味,9,38,正常
330ml伊利畅意乳酸菌原味,10,44,正常
34g公仔迷你杯牛肉味,1,3,滞销
34g公仔迷你杯风味排骨味,1,1,滞销
37.5g费列罗榛果威化巧克力3颗,6,9,滞销
370g泰奇八宝粥,7,16,正常
40g上好佳日式鱼果,3,6,滞销
40g乐事美国经典原味,7,25,正常
40g乐事薯片墨西哥鸡汁番茄味,1,1,滞销
40g乐事薯片黄瓜味,8,25,正常
40g卫龙点心面黑椒牛排味,1,1,滞销
40g双汇玉米热狗肠,11,151,正常
40g呀土豆番茄酱味,8,16,正常
40g呀土豆薯片滋香烤鸡味,6,14,正常
430g泰奇八宝粥,10,63,正常
450ml美汁源果粒橙,8,25,正常
45g双汇泡面拍挡,9,47,正常
480ml小茗同学冷泡溜溜哒茶,5,7,滞销
480ml小茗同学冷泡青柠红茶,9,35,正常
48g好丽友薯愿香烤原味,4,7,滞销
500ML宝矿力,1,1,滞销
500ml农夫果园 (芒果+菠萝+番石榴),6,11,滞销
500ml加多宝,10,23,正常
500ml康师傅冰糖雪梨,2,3,滞销
500ml恒大冰泉矿泉水,1,1,滞销
500ml统一冰糖雪梨,2,2,滞销
500ml统一阿萨姆奶茶,9,35,正常
500ml营养快线原味,3,3,滞销
50g上好佳日式鱼果,5,6,滞销
50g上好佳田园薯片番茄味,6,11,滞销
50g双层百力滋奶咖味,1,1,滞销
50g双层百力滋特浓番茄味,1,1,滞销
50g马赛克手撕鱿鱼条,4,5,滞销
52g旺旺仙贝,8,38,正常
55g奥利奥原味夹心饼干,7,13,正常
55g奥利奥原味芝士饼干,11,59,正常
55g奥利奥迷你杯夹心小饼干杯装原味,3,5,滞销
58g丽芝士纳宝帝奶酪威化饼干,9,39,正常
5片装益达绿箭口香糖,2,3,滞销
600ml可口可乐,10,63,正常
600ml脉动青柠,9,35,正常
600ml雪碧,8,19,正常
65g卫龙亲嘴豆皮,10,23,正常
68g好丽友巧克力派2枚,10,22,正常
68g好丽友蛋黄派2枚,4,7,滞销
70g乐事薯片原味,6,9,滞销
70g乐事薯片青柠味,1,1,滞销
70g乐事薯片黄瓜味,7,15,正常
70g乐事薯片（原味）,2,2,滞销
70g乐事薯片（黄瓜味）,6,9,滞销
70g乖媳妇野山泡椒凤爪,10,28,正常
75g新麦潮天然酵母面包（北海道牛奶风味）,7,19,正常
78g卫龙亲嘴语辣条,10,43,正常
78g卫龙亲语,6,15,正常
78g合味道杯面香菇炖鸡风味,3,4,滞销
80g四洲粟一烧烧烤味,6,17,正常
80g香飘飘椰果奶茶原味,5,10,滞销
80g香飘飘椰果奶茶麦香味,8,18,正常
80g马赛克香蕉片,6,10,滞销
83g汤达人酸辣豚骨拉面,4,4,滞销
85g嘉士利果乐果香夹心饼干蓝莓味,10,43,正常
85g新麦潮北海道吐司,11,69,正常
85g新麦潮手撕面包（提子味）,10,54,正常
85g统一老坛酸菜牛肉面,10,86,正常
86g合味道浓猪骨味,7,11,滞销
86g合味道海鲜风味,10,58,正常
91g徐福记凤梨酥,11,21,正常
上好佳洋葱圈,1,1,滞销
上好佳田园薯片,3,3,滞销
东鹏特饮,12,411,热销
丽芝士纳宝帝奶酪威化饼干,3,6,滞销
乐事薯片（黄瓜味）,3,3,滞销
乐虎,2,2,滞销
乐虎（380ml）,4,15,正常
乖媳妇野山椒风爪,5,12,正常
伊利优酸乳,12,102,正常
伊利纯牛奶,12,81,正常
健能酸奶,4,8,滞销
农夫果园,2,2,滞销
冰糖雪梨,7,16,正常
冰红茶（罐）,2,2,滞销
凤爪,8,15,正常
加多宝,3,7,滞销
劲仔小鱼（卤香味）,4,5,滞销
劲仔小鱼（麻辣味）,8,16,正常
卫龙亲嘴烧红烧牛肉味,3,4,滞销
卫龙大面筋,12,205,热销
印尼芝士威化饼干,7,16,正常
双汇玉米热狗肠,9,19,正常
口味王槟榔（红）,7,16,正常
口味王槟榔（绿）,10,51,正常
可乐可乐,8,18,正常
可乐（500ml）,2,2,滞销
可口可乐330ml,8,54,正常
可口可乐330ml（罐）,2,2,滞销
可口可乐最新款,12,144,正常
可口可乐（500ml）,12,176,正常
合味道（浓猪骨）,1,1,滞销
合味道（海鲜风味）,7,9,滞销
味之不规则饼干（韩国泡菜味）,1,1,滞销
和成天下（黄）,1,2,滞销
咪咪,5,28,正常
咪咪虾条马来西亚风味,6,11,滞销
商品1,1,1,滞销
商品2,1,2,滞销
四洲粟一烧烧烤味,2,2,滞销
多芙利香草奶油味蛋糕,1,1,滞销
奥利奥原味芝士,6,10,滞销
好吃点,3,6,滞销
好吃点小饼干,5,7,滞销
威化饼干,3,3,滞销
安慕希酸奶,2,4,滞销
小糖衣血糖仪,3,17,正常
小糖衣血糖试纸,1,1,滞销
小茗同学冷泡茶（乳酸菌味）,1,1,滞销
小鱼仔,12,108,正常
尖叫,4,6,滞销
康师傅矿泉水,5,10,滞销
怡宝,6,14,正常
怡宝矿泉水,3,4,滞销
怡宝纯净水,12,387,热销
手撕素肉排,1,1,滞销
新麦潮北海道吐司,4,4,滞销
新麦潮天然酵母面包（牛奶风味）,1,1,滞销
新麦潮手撕面包（提子味）,2,2,滞销
无穷农场盐_鸡蛋,7,12,正常
无穷烤鸡小腿（蜂蜜）,3,3,滞销
日式鱼果,2,2,滞销
旺仔牛奶,2,2,滞销
旺仔牛奶145ml,1,1,滞销
果粒橙,12,168,正常
椰树牌椰汁,4,7,滞销
每日特惠,1,1,滞销
汤达人方便面,2,2,滞销
汤达人桶面,2,2,滞销
泰奇八宝粥,4,6,滞销
湘潭铺子(羽泉版),8,12,正常
熊字饼,10,117,正常
燕塘原味酸奶,4,6,滞销
燕塘甜牛奶,2,2,滞销
燕塘红枣牛奶,3,5,滞销
王老吉（500ml）,12,87,正常
王老吉（罐）,12,177,正常
百事可乐330ml,7,32,正常
百事可乐500ml,3,5,滞销
益力多100g*5瓶,4,5,滞销
盼盼手撕面包,1,1,滞销
红利群（硬）,2,2,滞销
红牛,11,180,正常
经典奶茶,1,1,滞销
统一冰红茶,12,309,热销
统一来一桶香辣老坛酸菜牛肉面,4,7,滞销
统一绿茶,12,188,正常
统一阿萨姆奶茶,2,3,滞销
维他原味豆奶,10,18,正常
维他奶,10,56,正常
维他奶（巧克力味）,2,2,滞销
维他柠檬茶,11,65,正常
美年达（罐）,9,83,正常
美汁源果粒橙,6,8,滞销
脉动,12,283,热销
脉动（椰子菠萝口味）,1,1,滞销
脉动（青柠）,1,1,滞销
芙蓉王,3,8,滞销
芦荟汁,1,1,滞销
芬达330ml,4,9,滞销
茉莉蜜茶,9,31,正常
营养快线,12,319,热销
诗竹竹纤维面巾纸,1,3,滞销
贡美苹果数据线,1,1,滞销
银鹭八宝粥,10,83,正常
阿萨姆奶茶,12,365,热销
阿萨姆煎茶奶绿,6,14,正常
雀巢咖啡,9,24,正常
雪力矿泉水,3,7,滞销
雪碧,2,3,滞销
雪碧330ml,6,19,正常
雪碧最新款,12,178,正常
雪碧（500ml）,12,132,正常
韩国海牌海苔,1,1,滞销
香脆肠,9,42,正常
香豆干,12,188,正常
鸭翅,12,158,正常
